Command line invocation:
    /Applications/Xcode.app/Contents/Developer/usr/bin/xcodebuild build -project AulaCRM.xcodeproj -scheme AulaCRM -destination generic/platform=macOS

2026-05-05 21:44:40.230 xcodebuild[51320:24187091] [MT] IDERunDestination: Supported platforms for the buildables in the current scheme is empty.
ComputePackagePrebuildTargetDependencyGraph

Prepare packages

CreateBuildRequest

SendProjectDescription

CreateBuildOperation

ComputeTargetDependencyGraph
note: Building targets in dependency order
note: Target dependency graph (1 target)
    Target 'AulaCRM' in project 'AulaCRM' (no dependencies)

GatherProvisioningInputs

CreateBuildDescription

ExecuteExternalTool /Applications/Xcode.app/Contents/Developer/Toolchains/XcodeDefault.xctoolchain/usr/bin/clang -v -E -dM -isysroot /Applications/Xcode.app/Contents/Developer/Platforms/MacOSX.platform/Developer/SDKs/MacOSX26.1.sdk -x c -c /dev/null

ExecuteExternalTool /Applications/Xcode.app/Contents/Developer/usr/bin/momc --dry-run --action generate --swift-version 5.0 --sdkroot /Applications/Xcode.app/Contents/Developer/Platforms/MacOSX.platform/Developer/SDKs/MacOSX26.1.sdk --macosx-deployment-target 26.0 --module AulaCRM /Users/arturo/Desktop/Aula_CRM/AulaCRM/AulaCRM/AulaCRM.xcdatamodeld /Users/arturo/Library/Developer/Xcode/DerivedData/AulaCRM-bupnftqbynphepejtxbugmlyzijp/Build/Intermediates.noindex/AulaCRM.build/Debug/AulaCRM.build/DerivedSources/CoreDataGenerated/AulaCRM

ExecuteExternalTool /Applications/Xcode.app/Contents/Developer/usr/bin/actool --version --output-format xml1

ExecuteExternalTool /Applications/Xcode.app/Contents/Developer/Toolchains/XcodeDefault.xctoolchain/usr/bin/swiftc --version

ExecuteExternalTool /Applications/Xcode.app/Contents/Developer/Toolchains/XcodeDefault.xctoolchain/usr/bin/ld -version_details

Build description signature: 104d49a63b5024f816e625936a1167e8
Build description path: /Users/arturo/Library/Developer/Xcode/DerivedData/AulaCRM-bupnftqbynphepejtxbugmlyzijp/Build/Intermediates.noindex/XCBuildData/104d49a63b5024f816e625936a1167e8.xcbuilddata
ClangStatCache /Applications/Xcode.app/Contents/Developer/Toolchains/XcodeDefault.xctoolchain/usr/bin/clang-stat-cache /Applications/Xcode.app/Contents/Developer/Platforms/MacOSX.platform/Developer/SDKs/MacOSX26.1.sdk /Users/arturo/Library/Developer/Xcode/DerivedData/SDKStatCaches.noindex/macosx26.1-25B74-3ae1261907bdadc328169391a47051a6.sdkstatcache
    cd /Users/arturo/Desktop/Aula_CRM/AulaCRM/AulaCRM.xcodeproj
    /Applications/Xcode.app/Contents/Developer/Toolchains/XcodeDefault.xctoolchain/usr/bin/clang-stat-cache /Applications/Xcode.app/Contents/Developer/Platforms/MacOSX.platform/Developer/SDKs/MacOSX26.1.sdk -o /Users/arturo/Library/Developer/Xcode/DerivedData/SDKStatCaches.noindex/macosx26.1-25B74-3ae1261907bdadc328169391a47051a6.sdkstatcache

WriteAuxiliaryFile /Users/arturo/Library/Developer/Xcode/DerivedData/AulaCRM-bupnftqbynphepejtxbugmlyzijp/Build/Intermediates.noindex/AulaCRM.build/Debug/AulaCRM.build/AulaCRM-DebugDylibPath-normal-x86_64.txt (in target 'AulaCRM' from project 'AulaCRM')
    cd /Users/arturo/Desktop/Aula_CRM/AulaCRM
    write-file /Users/arturo/Library/Developer/Xcode/DerivedData/AulaCRM-bupnftqbynphepejtxbugmlyzijp/Build/Intermediates.noindex/AulaCRM.build/Debug/AulaCRM.build/AulaCRM-DebugDylibPath-normal-x86_64.txt

WriteAuxiliaryFile /Users/arturo/Library/Developer/Xcode/DerivedData/AulaCRM-bupnftqbynphepejtxbugmlyzijp/Build/Intermediates.noindex/AulaCRM.build/Debug/AulaCRM.build/Objects-normal/x86_64/AulaCRM.LinkFileList (in target 'AulaCRM' from project 'AulaCRM')
    cd /Users/arturo/Desktop/Aula_CRM/AulaCRM
    write-file /Users/arturo/Library/Developer/Xcode/DerivedData/AulaCRM-bupnftqbynphepejtxbugmlyzijp/Build/Intermediates.noindex/AulaCRM.build/Debug/AulaCRM.build/Objects-normal/x86_64/AulaCRM.LinkFileList

WriteAuxiliaryFile /Users/arturo/Library/Developer/Xcode/DerivedData/AulaCRM-bupnftqbynphepejtxbugmlyzijp/Build/Intermediates.noindex/AulaCRM.build/Debug/AulaCRM.build/Objects-normal/x86_64/AulaCRM.SwiftConstValuesFileList (in target 'AulaCRM' from project 'AulaCRM')
    cd /Users/arturo/Desktop/Aula_CRM/AulaCRM
    write-file /Users/arturo/Library/Developer/Xcode/DerivedData/AulaCRM-bupnftqbynphepejtxbugmlyzijp/Build/Intermediates.noindex/AulaCRM.build/Debug/AulaCRM.build/Objects-normal/x86_64/AulaCRM.SwiftConstValuesFileList

WriteAuxiliaryFile /Users/arturo/Library/Developer/Xcode/DerivedData/AulaCRM-bupnftqbynphepejtxbugmlyzijp/Build/Intermediates.noindex/AulaCRM.build/Debug/AulaCRM.build/AulaCRM-DebugDylibInstallName-normal-x86_64.txt (in target 'AulaCRM' from project 'AulaCRM')
    cd /Users/arturo/Desktop/Aula_CRM/AulaCRM
    write-file /Users/arturo/Library/Developer/Xcode/DerivedData/AulaCRM-bupnftqbynphepejtxbugmlyzijp/Build/Intermediates.noindex/AulaCRM.build/Debug/AulaCRM.build/AulaCRM-DebugDylibInstallName-normal-x86_64.txt

WriteAuxiliaryFile /Users/arturo/Library/Developer/Xcode/DerivedData/AulaCRM-bupnftqbynphepejtxbugmlyzijp/Build/Intermediates.noindex/AulaCRM.build/Debug/AulaCRM.build/Objects-normal/x86_64/AulaCRM.SwiftFileList (in target 'AulaCRM' from project 'AulaCRM')
    cd /Users/arturo/Desktop/Aula_CRM/AulaCRM
    write-file /Users/arturo/Library/Developer/Xcode/DerivedData/AulaCRM-bupnftqbynphepejtxbugmlyzijp/Build/Intermediates.noindex/AulaCRM.build/Debug/AulaCRM.build/Objects-normal/x86_64/AulaCRM.SwiftFileList

WriteAuxiliaryFile /Users/arturo/Library/Developer/Xcode/DerivedData/AulaCRM-bupnftqbynphepejtxbugmlyzijp/Build/Intermediates.noindex/AulaCRM.build/Debug/AulaCRM.build/Objects-normal/x86_64/AulaCRM-OutputFileMap.json (in target 'AulaCRM' from project 'AulaCRM')
    cd /Users/arturo/Desktop/Aula_CRM/AulaCRM
    write-file /Users/arturo/Library/Developer/Xcode/DerivedData/AulaCRM-bupnftqbynphepejtxbugmlyzijp/Build/Intermediates.noindex/AulaCRM.build/Debug/AulaCRM.build/Objects-normal/x86_64/AulaCRM-OutputFileMap.json

WriteAuxiliaryFile /Users/arturo/Library/Developer/Xcode/DerivedData/AulaCRM-bupnftqbynphepejtxbugmlyzijp/Build/Intermediates.noindex/AulaCRM.build/Debug/AulaCRM.build/Objects-normal/x86_64/AulaCRM_const_extract_protocols.json (in target 'AulaCRM' from project 'AulaCRM')
    cd /Users/arturo/Desktop/Aula_CRM/AulaCRM
    write-file /Users/arturo/Library/Developer/Xcode/DerivedData/AulaCRM-bupnftqbynphepejtxbugmlyzijp/Build/Intermediates.noindex/AulaCRM.build/Debug/AulaCRM.build/Objects-normal/x86_64/AulaCRM_const_extract_protocols.json

ProcessProductPackaging /Users/arturo/Desktop/Aula_CRM/AulaCRM/AulaCRM/AulaCRM.entitlements /Users/arturo/Library/Developer/Xcode/DerivedData/AulaCRM-bupnftqbynphepejtxbugmlyzijp/Build/Intermediates.noindex/AulaCRM.build/Debug/AulaCRM.build/AulaCRM.app.xcent (in target 'AulaCRM' from project 'AulaCRM')
    cd /Users/arturo/Desktop/Aula_CRM/AulaCRM
    
    Entitlements:
    
    {
    "com.apple.application-identifier" = "JFSEWX2XP6.itbook.AulaCRM.pro";
    "com.apple.developer.aps-environment" = development;
    "com.apple.developer.icloud-container-identifiers" =     (
        "iCloud.itbook.AulaCRM.pro"
    );
    "com.apple.developer.icloud-extended-share-access" =     (
    );
    "com.apple.developer.icloud-services" =     (
        CloudKit
    );
    "com.apple.developer.team-identifier" = JFSEWX2XP6;
    "com.apple.security.app-sandbox" = 1;
    "com.apple.security.files.user-selected.read-only" = 1;
    "com.apple.security.get-task-allow" = 1;
}
    
    builtin-productPackagingUtility /Users/arturo/Desktop/Aula_CRM/AulaCRM/AulaCRM/AulaCRM.entitlements -entitlements -format xml -o /Users/arturo/Library/Developer/Xcode/DerivedData/AulaCRM-bupnftqbynphepejtxbugmlyzijp/Build/Intermediates.noindex/AulaCRM.build/Debug/AulaCRM.build/AulaCRM.app.xcent

ProcessProductPackagingDER /Users/arturo/Library/Developer/Xcode/DerivedData/AulaCRM-bupnftqbynphepejtxbugmlyzijp/Build/Intermediates.noindex/AulaCRM.build/Debug/AulaCRM.build/AulaCRM.app.xcent /Users/arturo/Library/Developer/Xcode/DerivedData/AulaCRM-bupnftqbynphepejtxbugmlyzijp/Build/Intermediates.noindex/AulaCRM.build/Debug/AulaCRM.build/AulaCRM.app.xcent.der (in target 'AulaCRM' from project 'AulaCRM')
    cd /Users/arturo/Desktop/Aula_CRM/AulaCRM
    /usr/bin/derq query -f xml -i /Users/arturo/Library/Developer/Xcode/DerivedData/AulaCRM-bupnftqbynphepejtxbugmlyzijp/Build/Intermediates.noindex/AulaCRM.build/Debug/AulaCRM.build/AulaCRM.app.xcent -o /Users/arturo/Library/Developer/Xcode/DerivedData/AulaCRM-bupnftqbynphepejtxbugmlyzijp/Build/Intermediates.noindex/AulaCRM.build/Debug/AulaCRM.build/AulaCRM.app.xcent.der --raw

CpResource /Users/arturo/Library/Developer/Xcode/DerivedData/AulaCRM-bupnftqbynphepejtxbugmlyzijp/Build/Products/Debug/AulaCRM.app/Contents/Resources/build_output.log /Users/arturo/Desktop/Aula_CRM/AulaCRM/AulaCRM/build_output.log (in target 'AulaCRM' from project 'AulaCRM')
    cd /Users/arturo/Desktop/Aula_CRM/AulaCRM
    builtin-copy -exclude .DS_Store -exclude CVS -exclude .svn -exclude .git -exclude .hg -resolve-src-symlinks /Users/arturo/Desktop/Aula_CRM/AulaCRM/AulaCRM/build_output.log /Users/arturo/Library/Developer/Xcode/DerivedData/AulaCRM-bupnftqbynphepejtxbugmlyzijp/Build/Products/Debug/AulaCRM.app/Contents/Resources

CpResource /Users/arturo/Library/Developer/Xcode/DerivedData/AulaCRM-bupnftqbynphepejtxbugmlyzijp/Build/Products/Debug/AulaCRM.app/Contents/Resources/contacto.csv /Users/arturo/Desktop/Aula_CRM/AulaCRM/AulaCRM/contacto.csv (in target 'AulaCRM' from project 'AulaCRM')
    cd /Users/arturo/Desktop/Aula_CRM/AulaCRM
    builtin-copy -exclude .DS_Store -exclude CVS -exclude .svn -exclude .git -exclude .hg -resolve-src-symlinks /Users/arturo/Desktop/Aula_CRM/AulaCRM/AulaCRM/contacto.csv /Users/arturo/Library/Developer/Xcode/DerivedData/AulaCRM-bupnftqbynphepejtxbugmlyzijp/Build/Products/Debug/AulaCRM.app/Contents/Resources

CpResource /Users/arturo/Library/Developer/Xcode/DerivedData/AulaCRM-bupnftqbynphepejtxbugmlyzijp/Build/Products/Debug/AulaCRM.app/Contents/Resources/contacto_borrar.csv /Users/arturo/Desktop/Aula_CRM/AulaCRM/AulaCRM/contacto_borrar.csv (in target 'AulaCRM' from project 'AulaCRM')
    cd /Users/arturo/Desktop/Aula_CRM/AulaCRM
    builtin-copy -exclude .DS_Store -exclude CVS -exclude .svn -exclude .git -exclude .hg -resolve-src-symlinks /Users/arturo/Desktop/Aula_CRM/AulaCRM/AulaCRM/contacto_borrar.csv /Users/arturo/Library/Developer/Xcode/DerivedData/AulaCRM-bupnftqbynphepejtxbugmlyzijp/Build/Products/Debug/AulaCRM.app/Contents/Resources

GenerateAssetSymbols /Users/arturo/Desktop/Aula_CRM/AulaCRM/AulaCRM/Assets.xcassets (in target 'AulaCRM' from project 'AulaCRM')
    cd /Users/arturo/Desktop/Aula_CRM/AulaCRM
    /Applications/Xcode.app/Contents/Developer/usr/bin/actool /Users/arturo/Desktop/Aula_CRM/AulaCRM/AulaCRM/Assets.xcassets --compile /Users/arturo/Library/Developer/Xcode/DerivedData/AulaCRM-bupnftqbynphepejtxbugmlyzijp/Build/Products/Debug/AulaCRM.app/Contents/Resources --output-format human-readable-text --notices --warnings --export-dependency-info /Users/arturo/Library/Developer/Xcode/DerivedData/AulaCRM-bupnftqbynphepejtxbugmlyzijp/Build/Intermediates.noindex/AulaCRM.build/Debug/AulaCRM.build/assetcatalog_dependencies --output-partial-info-plist /Users/arturo/Library/Developer/Xcode/DerivedData/AulaCRM-bupnftqbynphepejtxbugmlyzijp/Build/Intermediates.noindex/AulaCRM.build/Debug/AulaCRM.build/assetcatalog_generated_info.plist --app-icon AppIcon --accent-color AccentColor --enable-on-demand-resources NO --development-region en --target-device mac --minimum-deployment-target 26.0 --platform macosx --bundle-identifier itbook.AulaCRM.pro --generate-swift-asset-symbols /Users/arturo/Library/Developer/Xcode/DerivedData/AulaCRM-bupnftqbynphepejtxbugmlyzijp/Build/Intermediates.noindex/AulaCRM.build/Debug/AulaCRM.build/DerivedSources/GeneratedAssetSymbols.swift --generate-objc-asset-symbols /Users/arturo/Library/Developer/Xcode/DerivedData/AulaCRM-bupnftqbynphepejtxbugmlyzijp/Build/Intermediates.noindex/AulaCRM.build/Debug/AulaCRM.build/DerivedSources/GeneratedAssetSymbols.h --generate-asset-symbol-index /Users/arturo/Library/Developer/Xcode/DerivedData/AulaCRM-bupnftqbynphepejtxbugmlyzijp/Build/Intermediates.noindex/AulaCRM.build/Debug/AulaCRM.build/DerivedSources/GeneratedAssetSymbols-Index.plist
/* com.apple.actool.document.warnings */
/Users/arturo/Desktop/Aula_CRM/AulaCRM/AulaCRM/Assets.xcassets:./logo_aula.imageset/[universal][][][1x][][][][][][][][][][]: warning: The file "logo_aula.png" for the image set "logo_aula" does not exist.
/Users/arturo/Desktop/Aula_CRM/AulaCRM/AulaCRM/Assets.xcassets:./logo_aula.imageset/[universal][][][1x][][][][][][][][][][]: warning: The file "logo_aula.png" for the image set "logo_aula" does not exist.
/* com.apple.actool.compilation-results */
/Users/arturo/Library/Developer/Xcode/DerivedData/AulaCRM-bupnftqbynphepejtxbugmlyzijp/Build/Intermediates.noindex/AulaCRM.build/Debug/AulaCRM.build/DerivedSources/GeneratedAssetSymbols-Index.plist
/Users/arturo/Library/Developer/Xcode/DerivedData/AulaCRM-bupnftqbynphepejtxbugmlyzijp/Build/Intermediates.noindex/AulaCRM.build/Debug/AulaCRM.build/DerivedSources/GeneratedAssetSymbols.h
/Users/arturo/Library/Developer/Xcode/DerivedData/AulaCRM-bupnftqbynphepejtxbugmlyzijp/Build/Intermediates.noindex/AulaCRM.build/Debug/AulaCRM.build/DerivedSources/GeneratedAssetSymbols.swift


CpResource /Users/arturo/Library/Developer/Xcode/DerivedData/AulaCRM-bupnftqbynphepejtxbugmlyzijp/Build/Products/Debug/AulaCRM.app/Contents/Resources/producto.csv /Users/arturo/Desktop/Aula_CRM/AulaCRM/AulaCRM/producto.csv (in target 'AulaCRM' from project 'AulaCRM')
    cd /Users/arturo/Desktop/Aula_CRM/AulaCRM
    builtin-copy -exclude .DS_Store -exclude CVS -exclude .svn -exclude .git -exclude .hg -resolve-src-symlinks /Users/arturo/Desktop/Aula_CRM/AulaCRM/AulaCRM/producto.csv /Users/arturo/Library/Developer/Xcode/DerivedData/AulaCRM-bupnftqbynphepejtxbugmlyzijp/Build/Products/Debug/AulaCRM.app/Contents/Resources

Ld /Users/arturo/Library/Developer/Xcode/DerivedData/AulaCRM-bupnftqbynphepejtxbugmlyzijp/Build/Intermediates.noindex/AulaCRM.build/Debug/AulaCRM.build/Objects-normal/x86_64/Binary/__preview.dylib normal x86_64 (in target 'AulaCRM' from project 'AulaCRM')
    cd /Users/arturo/Desktop/Aula_CRM/AulaCRM
    /Applications/Xcode.app/Contents/Developer/Toolchains/XcodeDefault.xctoolchain/usr/bin/clang -Xlinker -reproducible -target x86_64-apple-macos26.0 -dynamiclib -isysroot /Applications/Xcode.app/Contents/Developer/Platforms/MacOSX.platform/Developer/SDKs/MacOSX26.1.sdk -O0 -L/Users/arturo/Library/Developer/Xcode/DerivedData/AulaCRM-bupnftqbynphepejtxbugmlyzijp/Build/Products/Debug -L/Users/arturo/Desktop/Aula_CRM/AulaCRM/AulaCRM/.venv/lib/python3.11/site-packages/google/_upb -L/Users/arturo/Desktop/Aula_CRM/AulaCRM/AulaCRM/.venv/lib/python3.11/site-packages/pydantic_core -L/Users/arturo/Desktop/Aula_CRM/AulaCRM/AulaCRM/.venv/lib/python3.11/site-packages/cryptography/hazmat/bindings -L/Users/arturo/Desktop/Aula_CRM/AulaCRM/AulaRAG/.venv/lib/python3.11/site-packages/cryptography/hazmat/bindings -L/Users/arturo/Desktop/Aula_CRM/AulaCRM/AulaRAG/.venv/lib/python3.11/site-packages/google/_upb -L/Users/arturo/Desktop/Aula_CRM/AulaCRM/AulaRAG/.venv/lib/python3.11/site-packages/pydantic_core -F/Users/arturo/Library/Developer/Xcode/DerivedData/AulaCRM-bupnftqbynphepejtxbugmlyzijp/Build/Products/Debug -install_name @rpath/AulaCRM.debug.dylib -dead_strip -rdynamic -Xlinker -no_deduplicate -Xlinker -dependency_info -Xlinker /Users/arturo/Library/Developer/Xcode/DerivedData/AulaCRM-bupnftqbynphepejtxbugmlyzijp/Build/Intermediates.noindex/AulaCRM.build/Debug/AulaCRM.build/Objects-normal/x86_64/AulaCRM_dependency_info.dat -Xlinker -no_adhoc_codesign -o /Users/arturo/Library/Developer/Xcode/DerivedData/AulaCRM-bupnftqbynphepejtxbugmlyzijp/Build/Intermediates.noindex/AulaCRM.build/Debug/AulaCRM.build/Objects-normal/x86_64/Binary/__preview.dylib
ld: warning: search path '/Users/arturo/Desktop/Aula_CRM/AulaCRM/AulaCRM/.venv/lib/python3.11/site-packages/google/_upb' not found
ld: warning: search path '/Users/arturo/Desktop/Aula_CRM/AulaCRM/AulaCRM/.venv/lib/python3.11/site-packages/pydantic_core' not found
ld: warning: search path '/Users/arturo/Desktop/Aula_CRM/AulaCRM/AulaCRM/.venv/lib/python3.11/site-packages/cryptography/hazmat/bindings' not found
ld: warning: search path '/Users/arturo/Desktop/Aula_CRM/AulaCRM/AulaRAG/.venv/lib/python3.11/site-packages/cryptography/hazmat/bindings' not found
ld: warning: search path '/Users/arturo/Desktop/Aula_CRM/AulaCRM/AulaRAG/.venv/lib/python3.11/site-packages/google/_upb' not found
ld: warning: search path '/Users/arturo/Desktop/Aula_CRM/AulaCRM/AulaRAG/.venv/lib/python3.11/site-packages/pydantic_core' not found

DataModelCodegen /Users/arturo/Desktop/Aula_CRM/AulaCRM/AulaCRM/AulaCRM.xcdatamodeld (in target 'AulaCRM' from project 'AulaCRM')
    cd /Users/arturo/Desktop/Aula_CRM/AulaCRM
    /Applications/Xcode.app/Contents/Developer/usr/bin/momc --action generate --swift-version 5.0 --sdkroot /Applications/Xcode.app/Contents/Developer/Platforms/MacOSX.platform/Developer/SDKs/MacOSX26.1.sdk --macosx-deployment-target 26.0 --module AulaCRM /Users/arturo/Desktop/Aula_CRM/AulaCRM/AulaCRM/AulaCRM.xcdatamodeld /Users/arturo/Library/Developer/Xcode/DerivedData/AulaCRM-bupnftqbynphepejtxbugmlyzijp/Build/Intermediates.noindex/AulaCRM.build/Debug/AulaCRM.build/DerivedSources/CoreDataGenerated/AulaCRM

Ld /Users/arturo/Library/Developer/Xcode/DerivedData/AulaCRM-bupnftqbynphepejtxbugmlyzijp/Build/Intermediates.noindex/AulaCRM.build/Debug/AulaCRM.build/Objects-normal/arm64/Binary/__preview.dylib normal arm64 (in target 'AulaCRM' from project 'AulaCRM')
    cd /Users/arturo/Desktop/Aula_CRM/AulaCRM
    /Applications/Xcode.app/Contents/Developer/Toolchains/XcodeDefault.xctoolchain/usr/bin/clang -Xlinker -reproducible -target arm64-apple-macos26.0 -dynamiclib -isysroot /Applications/Xcode.app/Contents/Developer/Platforms/MacOSX.platform/Developer/SDKs/MacOSX26.1.sdk -O0 -L/Users/arturo/Library/Developer/Xcode/DerivedData/AulaCRM-bupnftqbynphepejtxbugmlyzijp/Build/Products/Debug -L/Users/arturo/Desktop/Aula_CRM/AulaCRM/AulaCRM/.venv/lib/python3.11/site-packages/google/_upb -L/Users/arturo/Desktop/Aula_CRM/AulaCRM/AulaCRM/.venv/lib/python3.11/site-packages/pydantic_core -L/Users/arturo/Desktop/Aula_CRM/AulaCRM/AulaCRM/.venv/lib/python3.11/site-packages/cryptography/hazmat/bindings -L/Users/arturo/Desktop/Aula_CRM/AulaCRM/AulaRAG/.venv/lib/python3.11/site-packages/cryptography/hazmat/bindings -L/Users/arturo/Desktop/Aula_CRM/AulaCRM/AulaRAG/.venv/lib/python3.11/site-packages/google/_upb -L/Users/arturo/Desktop/Aula_CRM/AulaCRM/AulaRAG/.venv/lib/python3.11/site-packages/pydantic_core -F/Users/arturo/Library/Developer/Xcode/DerivedData/AulaCRM-bupnftqbynphepejtxbugmlyzijp/Build/Products/Debug -install_name @rpath/AulaCRM.debug.dylib -dead_strip -rdynamic -Xlinker -no_deduplicate -Xlinker -dependency_info -Xlinker /Users/arturo/Library/Developer/Xcode/DerivedData/AulaCRM-bupnftqbynphepejtxbugmlyzijp/Build/Intermediates.noindex/AulaCRM.build/Debug/AulaCRM.build/Objects-normal/arm64/AulaCRM_dependency_info.dat -Xlinker -no_adhoc_codesign -o /Users/arturo/Library/Developer/Xcode/DerivedData/AulaCRM-bupnftqbynphepejtxbugmlyzijp/Build/Intermediates.noindex/AulaCRM.build/Debug/AulaCRM.build/Objects-normal/arm64/Binary/__preview.dylib
ld: warning: search path '/Users/arturo/Desktop/Aula_CRM/AulaCRM/AulaCRM/.venv/lib/python3.11/site-packages/google/_upb' not found
ld: warning: search path '/Users/arturo/Desktop/Aula_CRM/AulaCRM/AulaCRM/.venv/lib/python3.11/site-packages/pydantic_core' not found
ld: warning: search path '/Users/arturo/Desktop/Aula_CRM/AulaCRM/AulaCRM/.venv/lib/python3.11/site-packages/cryptography/hazmat/bindings' not found
ld: warning: search path '/Users/arturo/Desktop/Aula_CRM/AulaCRM/AulaRAG/.venv/lib/python3.11/site-packages/cryptography/hazmat/bindings' not found
ld: warning: search path '/Users/arturo/Desktop/Aula_CRM/AulaCRM/AulaRAG/.venv/lib/python3.11/site-packages/google/_upb' not found
ld: warning: search path '/Users/arturo/Desktop/Aula_CRM/AulaCRM/AulaRAG/.venv/lib/python3.11/site-packages/pydantic_core' not found

LinkAssetCatalog /Users/arturo/Desktop/Aula_CRM/AulaCRM/AulaCRM/Assets.xcassets (in target 'AulaCRM' from project 'AulaCRM')
    cd /Users/arturo/Desktop/Aula_CRM/AulaCRM
    builtin-linkAssetCatalog --thinned /Users/arturo/Library/Developer/Xcode/DerivedData/AulaCRM-bupnftqbynphepejtxbugmlyzijp/Build/Intermediates.noindex/AulaCRM.build/Debug/AulaCRM.build/assetcatalog_output/thinned --thinned-dependencies /Users/arturo/Library/Developer/Xcode/DerivedData/AulaCRM-bupnftqbynphepejtxbugmlyzijp/Build/Intermediates.noindex/AulaCRM.build/Debug/AulaCRM.build/assetcatalog_dependencies_thinned --thinned-info-plist-content /Users/arturo/Library/Developer/Xcode/DerivedData/AulaCRM-bupnftqbynphepejtxbugmlyzijp/Build/Intermediates.noindex/AulaCRM.build/Debug/AulaCRM.build/assetcatalog_generated_info.plist_thinned --unthinned /Users/arturo/Library/Developer/Xcode/DerivedData/AulaCRM-bupnftqbynphepejtxbugmlyzijp/Build/Intermediates.noindex/AulaCRM.build/Debug/AulaCRM.build/assetcatalog_output/unthinned --unthinned-dependencies /Users/arturo/Library/Developer/Xcode/DerivedData/AulaCRM-bupnftqbynphepejtxbugmlyzijp/Build/Intermediates.noindex/AulaCRM.build/Debug/AulaCRM.build/assetcatalog_dependencies_unthinned --unthinned-info-plist-content /Users/arturo/Library/Developer/Xcode/DerivedData/AulaCRM-bupnftqbynphepejtxbugmlyzijp/Build/Intermediates.noindex/AulaCRM.build/Debug/AulaCRM.build/assetcatalog_generated_info.plist_unthinned --output /Users/arturo/Library/Developer/Xcode/DerivedData/AulaCRM-bupnftqbynphepejtxbugmlyzijp/Build/Products/Debug/AulaCRM.app/Contents/Resources --plist-output /Users/arturo/Library/Developer/Xcode/DerivedData/AulaCRM-bupnftqbynphepejtxbugmlyzijp/Build/Intermediates.noindex/AulaCRM.build/Debug/AulaCRM.build/assetcatalog_generated_info.plist
note: Emplaced /Users/arturo/Library/Developer/Xcode/DerivedData/AulaCRM-bupnftqbynphepejtxbugmlyzijp/Build/Products/Debug/AulaCRM.app/Contents/Resources/AppIcon.icns (in target 'AulaCRM' from project 'AulaCRM')
note: Emplaced /Users/arturo/Library/Developer/Xcode/DerivedData/AulaCRM-bupnftqbynphepejtxbugmlyzijp/Build/Products/Debug/AulaCRM.app/Contents/Resources/Assets.car (in target 'AulaCRM' from project 'AulaCRM')

ProcessInfoPlistFile /Users/arturo/Library/Developer/Xcode/DerivedData/AulaCRM-bupnftqbynphepejtxbugmlyzijp/Build/Products/Debug/AulaCRM.app/Contents/Info.plist /Users/arturo/Desktop/Aula_CRM/AulaCRM/AulaCRM/Info.plist (in target 'AulaCRM' from project 'AulaCRM')
    cd /Users/arturo/Desktop/Aula_CRM/AulaCRM
    builtin-infoPlistUtility /Users/arturo/Desktop/Aula_CRM/AulaCRM/AulaCRM/Info.plist -producttype com.apple.product-type.application -genpkginfo /Users/arturo/Library/Developer/Xcode/DerivedData/AulaCRM-bupnftqbynphepejtxbugmlyzijp/Build/Products/Debug/AulaCRM.app/Contents/PkgInfo -expandbuildsettings -platform macosx -additionalcontentfile /Users/arturo/Library/Developer/Xcode/DerivedData/AulaCRM-bupnftqbynphepejtxbugmlyzijp/Build/Intermediates.noindex/AulaCRM.build/Debug/AulaCRM.build/assetcatalog_generated_info.plist -o /Users/arturo/Library/Developer/Xcode/DerivedData/AulaCRM-bupnftqbynphepejtxbugmlyzijp/Build/Products/Debug/AulaCRM.app/Contents/Info.plist
removing value "remote-notification" for "UIBackgroundModes" - not supported on macOS

CreateUniversalBinary /Users/arturo/Library/Developer/Xcode/DerivedData/AulaCRM-bupnftqbynphepejtxbugmlyzijp/Build/Products/Debug/AulaCRM.app/Contents/MacOS/__preview.dylib normal arm64\ x86_64 (in target 'AulaCRM' from project 'AulaCRM')
    cd /Users/arturo/Desktop/Aula_CRM/AulaCRM
    /Applications/Xcode.app/Contents/Developer/Toolchains/XcodeDefault.xctoolchain/usr/bin/lipo -create /Users/arturo/Library/Developer/Xcode/DerivedData/AulaCRM-bupnftqbynphepejtxbugmlyzijp/Build/Intermediates.noindex/AulaCRM.build/Debug/AulaCRM.build/Objects-normal/arm64/Binary/__preview.dylib /Users/arturo/Library/Developer/Xcode/DerivedData/AulaCRM-bupnftqbynphepejtxbugmlyzijp/Build/Intermediates.noindex/AulaCRM.build/Debug/AulaCRM.build/Objects-normal/x86_64/Binary/__preview.dylib -output /Users/arturo/Library/Developer/Xcode/DerivedData/AulaCRM-bupnftqbynphepejtxbugmlyzijp/Build/Products/Debug/AulaCRM.app/Contents/MacOS/__preview.dylib

SwiftDriver AulaCRM normal x86_64 com.apple.xcode.tools.swift.compiler (in target 'AulaCRM' from project 'AulaCRM')
    cd /Users/arturo/Desktop/Aula_CRM/AulaCRM
    builtin-SwiftDriver -- /Applications/Xcode.app/Contents/Developer/Toolchains/XcodeDefault.xctoolchain/usr/bin/swiftc -module-name AulaCRM -Onone -enforce-exclusivity\=checked @/Users/arturo/Library/Developer/Xcode/DerivedData/AulaCRM-bupnftqbynphepejtxbugmlyzijp/Build/Intermediates.noindex/AulaCRM.build/Debug/AulaCRM.build/Objects-normal/x86_64/AulaCRM.SwiftFileList -DDEBUG -default-isolation\=MainActor -enable-bare-slash-regex -enable-upcoming-feature DisableOutwardActorInference -enable-upcoming-feature InferSendableFromCaptures -enable-upcoming-feature GlobalActorIsolatedTypesUsability -enable-upcoming-feature MemberImportVisibility -enable-upcoming-feature InferIsolatedConformances -enable-upcoming-feature NonisolatedNonsendingByDefault -enable-experimental-feature DebugDescriptionMacro -sdk /Applications/Xcode.app/Contents/Developer/Platforms/MacOSX.platform/Developer/SDKs/MacOSX26.1.sdk -target x86_64-apple-macos26.0 -g -module-cache-path /Users/arturo/Library/Developer/Xcode/DerivedData/ModuleCache.noindex -Xfrontend -serialize-debugging-options -enable-testing -index-store-path /Users/arturo/Library/Developer/Xcode/DerivedData/AulaCRM-bupnftqbynphepejtxbugmlyzijp/Index.noindex/DataStore -Xcc -D_LIBCPP_HARDENING_MODE\=_LIBCPP_HARDENING_MODE_DEBUG -swift-version 5 -I /Users/arturo/Library/Developer/Xcode/DerivedData/AulaCRM-bupnftqbynphepejtxbugmlyzijp/Build/Products/Debug -F /Users/arturo/Library/Developer/Xcode/DerivedData/AulaCRM-bupnftqbynphepejtxbugmlyzijp/Build/Products/Debug -emit-localized-strings -emit-localized-strings-path /Users/arturo/Library/Developer/Xcode/DerivedData/AulaCRM-bupnftqbynphepejtxbugmlyzijp/Build/Intermediates.noindex/AulaCRM.build/Debug/AulaCRM.build/Objects-normal/x86_64 -c -j10 -enable-batch-mode -incremental -Xcc -ivfsstatcache -Xcc /Users/arturo/Library/Developer/Xcode/DerivedData/SDKStatCaches.noindex/macosx26.1-25B74-3ae1261907bdadc328169391a47051a6.sdkstatcache -output-file-map /Users/arturo/Library/Developer/Xcode/DerivedData/AulaCRM-bupnftqbynphepejtxbugmlyzijp/Build/Intermediates.noindex/AulaCRM.build/Debug/AulaCRM.build/Objects-normal/x86_64/AulaCRM-OutputFileMap.json -use-frontend-parseable-output -save-temps -no-color-diagnostics -explicit-module-build -module-cache-path /Users/arturo/Library/Developer/Xcode/DerivedData/AulaCRM-bupnftqbynphepejtxbugmlyzijp/Build/Intermediates.noindex/SwiftExplicitPrecompiledModules -clang-scanner-module-cache-path /Users/arturo/Library/Developer/Xcode/DerivedData/ModuleCache.noindex -sdk-module-cache-path /Users/arturo/Library/Developer/Xcode/DerivedData/ModuleCache.noindex -serialize-diagnostics -emit-dependencies -emit-module -emit-module-path /Users/arturo/Library/Developer/Xcode/DerivedData/AulaCRM-bupnftqbynphepejtxbugmlyzijp/Build/Intermediates.noindex/AulaCRM.build/Debug/AulaCRM.build/Objects-normal/x86_64/AulaCRM.swiftmodule -validate-clang-modules-once -clang-build-session-file /Users/arturo/Library/Developer/Xcode/DerivedData/ModuleCache.noindex/Session.modulevalidation -Xcc -I/Users/arturo/Library/Developer/Xcode/DerivedData/AulaCRM-bupnftqbynphepejtxbugmlyzijp/Build/Intermediates.noindex/AulaCRM.build/Debug/AulaCRM.build/swift-overrides.hmap -emit-const-values -Xfrontend -const-gather-protocols-file -Xfrontend /Users/arturo/Library/Developer/Xcode/DerivedData/AulaCRM-bupnftqbynphepejtxbugmlyzijp/Build/Intermediates.noindex/AulaCRM.build/Debug/AulaCRM.build/Objects-normal/x86_64/AulaCRM_const_extract_protocols.json -Xcc -iquote -Xcc /Users/arturo/Library/Developer/Xcode/DerivedData/AulaCRM-bupnftqbynphepejtxbugmlyzijp/Build/Intermediates.noindex/AulaCRM.build/Debug/AulaCRM.build/AulaCRM-generated-files.hmap -Xcc -I/Users/arturo/Library/Developer/Xcode/DerivedData/AulaCRM-bupnftqbynphepejtxbugmlyzijp/Build/Intermediates.noindex/AulaCRM.build/Debug/AulaCRM.build/AulaCRM-own-target-headers.hmap -Xcc -I/Users/arturo/Library/Developer/Xcode/DerivedData/AulaCRM-bupnftqbynphepejtxbugmlyzijp/Build/Intermediates.noindex/AulaCRM.build/Debug/AulaCRM.build/AulaCRM-all-target-headers.hmap -Xcc -iquote -Xcc /Users/arturo/Library/Developer/Xcode/DerivedData/AulaCRM-bupnftqbynphepejtxbugmlyzijp/Build/Intermediates.noindex/AulaCRM.build/Debug/AulaCRM.build/AulaCRM-project-headers.hmap -Xcc -I/Users/arturo/Library/Developer/Xcode/DerivedData/AulaCRM-bupnftqbynphepejtxbugmlyzijp/Build/Products/Debug/include -Xcc -I/Users/arturo/Library/Developer/Xcode/DerivedData/AulaCRM-bupnftqbynphepejtxbugmlyzijp/Build/Intermediates.noindex/AulaCRM.build/Debug/AulaCRM.build/DerivedSources-normal/x86_64 -Xcc -I/Users/arturo/Library/Developer/Xcode/DerivedData/AulaCRM-bupnftqbynphepejtxbugmlyzijp/Build/Intermediates.noindex/AulaCRM.build/Debug/AulaCRM.build/DerivedSources/x86_64 -Xcc -I/Users/arturo/Library/Developer/Xcode/DerivedData/AulaCRM-bupnftqbynphepejtxbugmlyzijp/Build/Intermediates.noindex/AulaCRM.build/Debug/AulaCRM.build/DerivedSources -Xcc -DDEBUG\=1 -emit-objc-header -emit-objc-header-path /Users/arturo/Library/Developer/Xcode/DerivedData/AulaCRM-bupnftqbynphepejtxbugmlyzijp/Build/Intermediates.noindex/AulaCRM.build/Debug/AulaCRM.build/Objects-normal/x86_64/AulaCRM-Swift.h -working-directory /Users/arturo/Desktop/Aula_CRM/AulaCRM -experimental-emit-module-separately -disable-cmo

SwiftDriver AulaCRM normal arm64 com.apple.xcode.tools.swift.compiler (in target 'AulaCRM' from project 'AulaCRM')
    cd /Users/arturo/Desktop/Aula_CRM/AulaCRM
    builtin-SwiftDriver -- /Applications/Xcode.app/Contents/Developer/Toolchains/XcodeDefault.xctoolchain/usr/bin/swiftc -module-name AulaCRM -Onone -enforce-exclusivity\=checked @/Users/arturo/Library/Developer/Xcode/DerivedData/AulaCRM-bupnftqbynphepejtxbugmlyzijp/Build/Intermediates.noindex/AulaCRM.build/Debug/AulaCRM.build/Objects-normal/arm64/AulaCRM.SwiftFileList -DDEBUG -default-isolation\=MainActor -enable-bare-slash-regex -enable-upcoming-feature DisableOutwardActorInference -enable-upcoming-feature InferSendableFromCaptures -enable-upcoming-feature GlobalActorIsolatedTypesUsability -enable-upcoming-feature MemberImportVisibility -enable-upcoming-feature InferIsolatedConformances -enable-upcoming-feature NonisolatedNonsendingByDefault -enable-experimental-feature DebugDescriptionMacro -sdk /Applications/Xcode.app/Contents/Developer/Platforms/MacOSX.platform/Developer/SDKs/MacOSX26.1.sdk -target arm64-apple-macos26.0 -g -module-cache-path /Users/arturo/Library/Developer/Xcode/DerivedData/ModuleCache.noindex -Xfrontend -serialize-debugging-options -enable-testing -index-store-path /Users/arturo/Library/Developer/Xcode/DerivedData/AulaCRM-bupnftqbynphepejtxbugmlyzijp/Index.noindex/DataStore -Xcc -D_LIBCPP_HARDENING_MODE\=_LIBCPP_HARDENING_MODE_DEBUG -swift-version 5 -I /Users/arturo/Library/Developer/Xcode/DerivedData/AulaCRM-bupnftqbynphepejtxbugmlyzijp/Build/Products/Debug -F /Users/arturo/Library/Developer/Xcode/DerivedData/AulaCRM-bupnftqbynphepejtxbugmlyzijp/Build/Products/Debug -emit-localized-strings -emit-localized-strings-path /Users/arturo/Library/Developer/Xcode/DerivedData/AulaCRM-bupnftqbynphepejtxbugmlyzijp/Build/Intermediates.noindex/AulaCRM.build/Debug/AulaCRM.build/Objects-normal/arm64 -c -j10 -enable-batch-mode -incremental -Xcc -ivfsstatcache -Xcc /Users/arturo/Library/Developer/Xcode/DerivedData/SDKStatCaches.noindex/macosx26.1-25B74-3ae1261907bdadc328169391a47051a6.sdkstatcache -output-file-map /Users/arturo/Library/Developer/Xcode/DerivedData/AulaCRM-bupnftqbynphepejtxbugmlyzijp/Build/Intermediates.noindex/AulaCRM.build/Debug/AulaCRM.build/Objects-normal/arm64/AulaCRM-OutputFileMap.json -use-frontend-parseable-output -save-temps -no-color-diagnostics -explicit-module-build -module-cache-path /Users/arturo/Library/Developer/Xcode/DerivedData/AulaCRM-bupnftqbynphepejtxbugmlyzijp/Build/Intermediates.noindex/SwiftExplicitPrecompiledModules -clang-scanner-module-cache-path /Users/arturo/Library/Developer/Xcode/DerivedData/ModuleCache.noindex -sdk-module-cache-path /Users/arturo/Library/Developer/Xcode/DerivedData/ModuleCache.noindex -serialize-diagnostics -emit-dependencies -emit-module -emit-module-path /Users/arturo/Library/Developer/Xcode/DerivedData/AulaCRM-bupnftqbynphepejtxbugmlyzijp/Build/Intermediates.noindex/AulaCRM.build/Debug/AulaCRM.build/Objects-normal/arm64/AulaCRM.swiftmodule -validate-clang-modules-once -clang-build-session-file /Users/arturo/Library/Developer/Xcode/DerivedData/ModuleCache.noindex/Session.modulevalidation -Xcc -I/Users/arturo/Library/Developer/Xcode/DerivedData/AulaCRM-bupnftqbynphepejtxbugmlyzijp/Build/Intermediates.noindex/AulaCRM.build/Debug/AulaCRM.build/swift-overrides.hmap -emit-const-values -Xfrontend -const-gather-protocols-file -Xfrontend /Users/arturo/Library/Developer/Xcode/DerivedData/AulaCRM-bupnftqbynphepejtxbugmlyzijp/Build/Intermediates.noindex/AulaCRM.build/Debug/AulaCRM.build/Objects-normal/arm64/AulaCRM_const_extract_protocols.json -Xcc -iquote -Xcc /Users/arturo/Library/Developer/Xcode/DerivedData/AulaCRM-bupnftqbynphepejtxbugmlyzijp/Build/Intermediates.noindex/AulaCRM.build/Debug/AulaCRM.build/AulaCRM-generated-files.hmap -Xcc -I/Users/arturo/Library/Developer/Xcode/DerivedData/AulaCRM-bupnftqbynphepejtxbugmlyzijp/Build/Intermediates.noindex/AulaCRM.build/Debug/AulaCRM.build/AulaCRM-own-target-headers.hmap -Xcc -I/Users/arturo/Library/Developer/Xcode/DerivedData/AulaCRM-bupnftqbynphepejtxbugmlyzijp/Build/Intermediates.noindex/AulaCRM.build/Debug/AulaCRM.build/AulaCRM-all-target-headers.hmap -Xcc -iquote -Xcc /Users/arturo/Library/Developer/Xcode/DerivedData/AulaCRM-bupnftqbynphepejtxbugmlyzijp/Build/Intermediates.noindex/AulaCRM.build/Debug/AulaCRM.build/AulaCRM-project-headers.hmap -Xcc -I/Users/arturo/Library/Developer/Xcode/DerivedData/AulaCRM-bupnftqbynphepejtxbugmlyzijp/Build/Products/Debug/include -Xcc -I/Users/arturo/Library/Developer/Xcode/DerivedData/AulaCRM-bupnftqbynphepejtxbugmlyzijp/Build/Intermediates.noindex/AulaCRM.build/Debug/AulaCRM.build/DerivedSources-normal/arm64 -Xcc -I/Users/arturo/Library/Developer/Xcode/DerivedData/AulaCRM-bupnftqbynphepejtxbugmlyzijp/Build/Intermediates.noindex/AulaCRM.build/Debug/AulaCRM.build/DerivedSources/arm64 -Xcc -I/Users/arturo/Library/Developer/Xcode/DerivedData/AulaCRM-bupnftqbynphepejtxbugmlyzijp/Build/Intermediates.noindex/AulaCRM.build/Debug/AulaCRM.build/DerivedSources -Xcc -DDEBUG\=1 -emit-objc-header -emit-objc-header-path /Users/arturo/Library/Developer/Xcode/DerivedData/AulaCRM-bupnftqbynphepejtxbugmlyzijp/Build/Intermediates.noindex/AulaCRM.build/Debug/AulaCRM.build/Objects-normal/arm64/AulaCRM-Swift.h -working-directory /Users/arturo/Desktop/Aula_CRM/AulaCRM -experimental-emit-module-separately -disable-cmo

SwiftCompile normal arm64 Compiling\ Conversacion+CoreDataClass.swift,\ Conversacion+CoreDataProperties.swift /Users/arturo/Library/Developer/Xcode/DerivedData/AulaCRM-bupnftqbynphepejtxbugmlyzijp/Build/Intermediates.noindex/AulaCRM.build/Debug/AulaCRM.build/DerivedSources/CoreDataGenerated/AulaCRM/Conversacion+CoreDataClass.swift /Users/arturo/Library/Developer/Xcode/DerivedData/AulaCRM-bupnftqbynphepejtxbugmlyzijp/Build/Intermediates.noindex/AulaCRM.build/Debug/AulaCRM.build/DerivedSources/CoreDataGenerated/AulaCRM/Conversacion+CoreDataProperties.swift (in target 'AulaCRM' from project 'AulaCRM')

SwiftCompile normal arm64 /Users/arturo/Library/Developer/Xcode/DerivedData/AulaCRM-bupnftqbynphepejtxbugmlyzijp/Build/Intermediates.noindex/AulaCRM.build/Debug/AulaCRM.build/DerivedSources/CoreDataGenerated/AulaCRM/Conversacion+CoreDataClass.swift (in target 'AulaCRM' from project 'AulaCRM')
    cd /Users/arturo/Desktop/Aula_CRM/AulaCRM
    

SwiftCompile normal arm64 /Users/arturo/Library/Developer/Xcode/DerivedData/AulaCRM-bupnftqbynphepejtxbugmlyzijp/Build/Intermediates.noindex/AulaCRM.build/Debug/AulaCRM.build/DerivedSources/CoreDataGenerated/AulaCRM/Conversacion+CoreDataProperties.swift (in target 'AulaCRM' from project 'AulaCRM')
    cd /Users/arturo/Desktop/Aula_CRM/AulaCRM
    

SwiftCompile normal arm64 Compiling\ Tipo+CoreDataClass.swift,\ Tipo+CoreDataProperties.swift /Users/arturo/Library/Developer/Xcode/DerivedData/AulaCRM-bupnftqbynphepejtxbugmlyzijp/Build/Intermediates.noindex/AulaCRM.build/Debug/AulaCRM.build/DerivedSources/CoreDataGenerated/AulaCRM/Tipo+CoreDataClass.swift /Users/arturo/Library/Developer/Xcode/DerivedData/AulaCRM-bupnftqbynphepejtxbugmlyzijp/Build/Intermediates.noindex/AulaCRM.build/Debug/AulaCRM.build/DerivedSources/CoreDataGenerated/AulaCRM/Tipo+CoreDataProperties.swift (in target 'AulaCRM' from project 'AulaCRM')

SwiftCompile normal arm64 /Users/arturo/Library/Developer/Xcode/DerivedData/AulaCRM-bupnftqbynphepejtxbugmlyzijp/Build/Intermediates.noindex/AulaCRM.build/Debug/AulaCRM.build/DerivedSources/CoreDataGenerated/AulaCRM/Tipo+CoreDataClass.swift (in target 'AulaCRM' from project 'AulaCRM')
    cd /Users/arturo/Desktop/Aula_CRM/AulaCRM
    

SwiftCompile normal arm64 /Users/arturo/Library/Developer/Xcode/DerivedData/AulaCRM-bupnftqbynphepejtxbugmlyzijp/Build/Intermediates.noindex/AulaCRM.build/Debug/AulaCRM.build/DerivedSources/CoreDataGenerated/AulaCRM/Tipo+CoreDataProperties.swift (in target 'AulaCRM' from project 'AulaCRM')
    cd /Users/arturo/Desktop/Aula_CRM/AulaCRM
    

SwiftCompile normal arm64 Compiling\ MovimientoAlmacen+CoreDataClass.swift,\ MovimientoAlmacen+CoreDataProperties.swift /Users/arturo/Library/Developer/Xcode/DerivedData/AulaCRM-bupnftqbynphepejtxbugmlyzijp/Build/Intermediates.noindex/AulaCRM.build/Debug/AulaCRM.build/DerivedSources/CoreDataGenerated/AulaCRM/MovimientoAlmacen+CoreDataClass.swift /Users/arturo/Library/Developer/Xcode/DerivedData/AulaCRM-bupnftqbynphepejtxbugmlyzijp/Build/Intermediates.noindex/AulaCRM.build/Debug/AulaCRM.build/DerivedSources/CoreDataGenerated/AulaCRM/MovimientoAlmacen+CoreDataProperties.swift (in target 'AulaCRM' from project 'AulaCRM')

SwiftCompile normal arm64 /Users/arturo/Library/Developer/Xcode/DerivedData/AulaCRM-bupnftqbynphepejtxbugmlyzijp/Build/Intermediates.noindex/AulaCRM.build/Debug/AulaCRM.build/DerivedSources/CoreDataGenerated/AulaCRM/MovimientoAlmacen+CoreDataClass.swift (in target 'AulaCRM' from project 'AulaCRM')
    cd /Users/arturo/Desktop/Aula_CRM/AulaCRM
    

SwiftCompile normal arm64 /Users/arturo/Library/Developer/Xcode/DerivedData/AulaCRM-bupnftqbynphepejtxbugmlyzijp/Build/Intermediates.noindex/AulaCRM.build/Debug/AulaCRM.build/DerivedSources/CoreDataGenerated/AulaCRM/MovimientoAlmacen+CoreDataProperties.swift (in target 'AulaCRM' from project 'AulaCRM')
    cd /Users/arturo/Desktop/Aula_CRM/AulaCRM
    

SwiftEmitModule normal arm64 Emitting\ module\ for\ AulaCRM (in target 'AulaCRM' from project 'AulaCRM')
EmitSwiftModule normal arm64 (in target 'AulaCRM' from project 'AulaCRM')
    cd /Users/arturo/Desktop/Aula_CRM/AulaCRM
    

SwiftCompile normal arm64 Compiling\ FacturasTabView.swift,\ FacturaPDFGenerator.swift,\ Compra+CoreDataClass.swift /Users/arturo/Desktop/Aula_CRM/AulaCRM/AulaCRM/Views/FacturasTabView.swift /Users/arturo/Desktop/Aula_CRM/AulaCRM/AulaCRM/FacturaPDFGenerator.swift /Users/arturo/Library/Developer/Xcode/DerivedData/AulaCRM-bupnftqbynphepejtxbugmlyzijp/Build/Intermediates.noindex/AulaCRM.build/Debug/AulaCRM.build/DerivedSources/CoreDataGenerated/AulaCRM/Compra+CoreDataClass.swift (in target 'AulaCRM' from project 'AulaCRM')
SwiftCompile normal arm64 /Users/arturo/Desktop/Aula_CRM/AulaCRM/AulaCRM/Views/FacturasTabView.swift (in target 'AulaCRM' from project 'AulaCRM')
    cd /Users/arturo/Desktop/Aula_CRM/AulaCRM
    

SwiftCompile normal arm64 /Users/arturo/Desktop/Aula_CRM/AulaCRM/AulaCRM/FacturaPDFGenerator.swift (in target 'AulaCRM' from project 'AulaCRM')
    cd /Users/arturo/Desktop/Aula_CRM/AulaCRM
    

SwiftCompile normal arm64 /Users/arturo/Library/Developer/Xcode/DerivedData/AulaCRM-bupnftqbynphepejtxbugmlyzijp/Build/Intermediates.noindex/AulaCRM.build/Debug/AulaCRM.build/DerivedSources/CoreDataGenerated/AulaCRM/Compra+CoreDataClass.swift (in target 'AulaCRM' from project 'AulaCRM')
    cd /Users/arturo/Desktop/Aula_CRM/AulaCRM
    

SwiftCompile normal arm64 Compiling\ Compra+CoreDataProperties.swift,\ Contacto+CoreDataClass.swift,\ Contacto+CoreDataProperties.swift /Users/arturo/Library/Developer/Xcode/DerivedData/AulaCRM-bupnftqbynphepejtxbugmlyzijp/Build/Intermediates.noindex/AulaCRM.build/Debug/AulaCRM.build/DerivedSources/CoreDataGenerated/AulaCRM/Compra+CoreDataProperties.swift /Users/arturo/Library/Developer/Xcode/DerivedData/AulaCRM-bupnftqbynphepejtxbugmlyzijp/Build/Intermediates.noindex/AulaCRM.build/Debug/AulaCRM.build/DerivedSources/CoreDataGenerated/AulaCRM/Contacto+CoreDataClass.swift /Users/arturo/Library/Developer/Xcode/DerivedData/AulaCRM-bupnftqbynphepejtxbugmlyzijp/Build/Intermediates.noindex/AulaCRM.build/Debug/AulaCRM.build/DerivedSources/CoreDataGenerated/AulaCRM/Contacto+CoreDataProperties.swift (in target 'AulaCRM' from project 'AulaCRM')

SwiftCompile normal arm64 /Users/arturo/Library/Developer/Xcode/DerivedData/AulaCRM-bupnftqbynphepejtxbugmlyzijp/Build/Intermediates.noindex/AulaCRM.build/Debug/AulaCRM.build/DerivedSources/CoreDataGenerated/AulaCRM/Compra+CoreDataProperties.swift (in target 'AulaCRM' from project 'AulaCRM')
    cd /Users/arturo/Desktop/Aula_CRM/AulaCRM
    

SwiftCompile normal arm64 /Users/arturo/Library/Developer/Xcode/DerivedData/AulaCRM-bupnftqbynphepejtxbugmlyzijp/Build/Intermediates.noindex/AulaCRM.build/Debug/AulaCRM.build/DerivedSources/CoreDataGenerated/AulaCRM/Contacto+CoreDataClass.swift (in target 'AulaCRM' from project 'AulaCRM')
    cd /Users/arturo/Desktop/Aula_CRM/AulaCRM
    

SwiftCompile normal arm64 /Users/arturo/Library/Developer/Xcode/DerivedData/AulaCRM-bupnftqbynphepejtxbugmlyzijp/Build/Intermediates.noindex/AulaCRM.build/Debug/AulaCRM.build/DerivedSources/CoreDataGenerated/AulaCRM/Contacto+CoreDataProperties.swift (in target 'AulaCRM' from project 'AulaCRM')
    cd /Users/arturo/Desktop/Aula_CRM/AulaCRM
    

SwiftCompile normal arm64 Compiling\ Producto+CoreDataClass.swift,\ Producto+CoreDataProperties.swift /Users/arturo/Library/Developer/Xcode/DerivedData/AulaCRM-bupnftqbynphepejtxbugmlyzijp/Build/Intermediates.noindex/AulaCRM.build/Debug/AulaCRM.build/DerivedSources/CoreDataGenerated/AulaCRM/Producto+CoreDataClass.swift /Users/arturo/Library/Developer/Xcode/DerivedData/AulaCRM-bupnftqbynphepejtxbugmlyzijp/Build/Intermediates.noindex/AulaCRM.build/Debug/AulaCRM.build/DerivedSources/CoreDataGenerated/AulaCRM/Producto+CoreDataProperties.swift (in target 'AulaCRM' from project 'AulaCRM')

SwiftCompile normal arm64 /Users/arturo/Library/Developer/Xcode/DerivedData/AulaCRM-bupnftqbynphepejtxbugmlyzijp/Build/Intermediates.noindex/AulaCRM.build/Debug/AulaCRM.build/DerivedSources/CoreDataGenerated/AulaCRM/Producto+CoreDataClass.swift (in target 'AulaCRM' from project 'AulaCRM')
    cd /Users/arturo/Desktop/Aula_CRM/AulaCRM
    

SwiftCompile normal arm64 /Users/arturo/Library/Developer/Xcode/DerivedData/AulaCRM-bupnftqbynphepejtxbugmlyzijp/Build/Intermediates.noindex/AulaCRM.build/Debug/AulaCRM.build/DerivedSources/CoreDataGenerated/AulaCRM/Producto+CoreDataProperties.swift (in target 'AulaCRM' from project 'AulaCRM')
    cd /Users/arturo/Desktop/Aula_CRM/AulaCRM
    

SwiftCompile normal arm64 Compiling\ Factura+CoreDataClass.swift,\ Factura+CoreDataProperties.swift /Users/arturo/Library/Developer/Xcode/DerivedData/AulaCRM-bupnftqbynphepejtxbugmlyzijp/Build/Intermediates.noindex/AulaCRM.build/Debug/AulaCRM.build/DerivedSources/CoreDataGenerated/AulaCRM/Factura+CoreDataClass.swift /Users/arturo/Library/Developer/Xcode/DerivedData/AulaCRM-bupnftqbynphepejtxbugmlyzijp/Build/Intermediates.noindex/AulaCRM.build/Debug/AulaCRM.build/DerivedSources/CoreDataGenerated/AulaCRM/Factura+CoreDataProperties.swift (in target 'AulaCRM' from project 'AulaCRM')

SwiftCompile normal arm64 /Users/arturo/Library/Developer/Xcode/DerivedData/AulaCRM-bupnftqbynphepejtxbugmlyzijp/Build/Intermediates.noindex/AulaCRM.build/Debug/AulaCRM.build/DerivedSources/CoreDataGenerated/AulaCRM/Factura+CoreDataClass.swift (in target 'AulaCRM' from project 'AulaCRM')
    cd /Users/arturo/Desktop/Aula_CRM/AulaCRM
    

SwiftCompile normal arm64 /Users/arturo/Library/Developer/Xcode/DerivedData/AulaCRM-bupnftqbynphepejtxbugmlyzijp/Build/Intermediates.noindex/AulaCRM.build/Debug/AulaCRM.build/DerivedSources/CoreDataGenerated/AulaCRM/Factura+CoreDataProperties.swift (in target 'AulaCRM' from project 'AulaCRM')
    cd /Users/arturo/Desktop/Aula_CRM/AulaCRM
    

SwiftCompile normal arm64 Compiling\ LineaFactura+CoreDataClass.swift,\ LineaFactura+CoreDataProperties.swift /Users/arturo/Library/Developer/Xcode/DerivedData/AulaCRM-bupnftqbynphepejtxbugmlyzijp/Build/Intermediates.noindex/AulaCRM.build/Debug/AulaCRM.build/DerivedSources/CoreDataGenerated/AulaCRM/LineaFactura+CoreDataClass.swift /Users/arturo/Library/Developer/Xcode/DerivedData/AulaCRM-bupnftqbynphepejtxbugmlyzijp/Build/Intermediates.noindex/AulaCRM.build/Debug/AulaCRM.build/DerivedSources/CoreDataGenerated/AulaCRM/LineaFactura+CoreDataProperties.swift (in target 'AulaCRM' from project 'AulaCRM')

SwiftCompile normal arm64 /Users/arturo/Library/Developer/Xcode/DerivedData/AulaCRM-bupnftqbynphepejtxbugmlyzijp/Build/Intermediates.noindex/AulaCRM.build/Debug/AulaCRM.build/DerivedSources/CoreDataGenerated/AulaCRM/LineaFactura+CoreDataClass.swift (in target 'AulaCRM' from project 'AulaCRM')
    cd /Users/arturo/Desktop/Aula_CRM/AulaCRM
    

SwiftCompile normal arm64 /Users/arturo/Library/Developer/Xcode/DerivedData/AulaCRM-bupnftqbynphepejtxbugmlyzijp/Build/Intermediates.noindex/AulaCRM.build/Debug/AulaCRM.build/DerivedSources/CoreDataGenerated/AulaCRM/LineaFactura+CoreDataProperties.swift (in target 'AulaCRM' from project 'AulaCRM')
    cd /Users/arturo/Desktop/Aula_CRM/AulaCRM
    

SwiftCompile normal arm64 Compiling\ Persona+CoreDataClass.swift,\ Persona+CoreDataProperties.swift /Users/arturo/Library/Developer/Xcode/DerivedData/AulaCRM-bupnftqbynphepejtxbugmlyzijp/Build/Intermediates.noindex/AulaCRM.build/Debug/AulaCRM.build/DerivedSources/CoreDataGenerated/AulaCRM/Persona+CoreDataClass.swift /Users/arturo/Library/Developer/Xcode/DerivedData/AulaCRM-bupnftqbynphepejtxbugmlyzijp/Build/Intermediates.noindex/AulaCRM.build/Debug/AulaCRM.build/DerivedSources/CoreDataGenerated/AulaCRM/Persona+CoreDataProperties.swift (in target 'AulaCRM' from project 'AulaCRM')

SwiftCompile normal arm64 /Users/arturo/Library/Developer/Xcode/DerivedData/AulaCRM-bupnftqbynphepejtxbugmlyzijp/Build/Intermediates.noindex/AulaCRM.build/Debug/AulaCRM.build/DerivedSources/CoreDataGenerated/AulaCRM/Persona+CoreDataClass.swift (in target 'AulaCRM' from project 'AulaCRM')
    cd /Users/arturo/Desktop/Aula_CRM/AulaCRM
    

SwiftCompile normal arm64 /Users/arturo/Library/Developer/Xcode/DerivedData/AulaCRM-bupnftqbynphepejtxbugmlyzijp/Build/Intermediates.noindex/AulaCRM.build/Debug/AulaCRM.build/DerivedSources/CoreDataGenerated/AulaCRM/Persona+CoreDataProperties.swift (in target 'AulaCRM' from project 'AulaCRM')
    cd /Users/arturo/Desktop/Aula_CRM/AulaCRM
    

SwiftDriverJobDiscovery normal arm64 Compiling Conversacion+CoreDataClass.swift, Conversacion+CoreDataProperties.swift (in target 'AulaCRM' from project 'AulaCRM')

SwiftCompile normal arm64 Compiling\ AulaCRM+CoreDataModel.swift,\ GeneratedAssetSymbols.swift /Users/arturo/Library/Developer/Xcode/DerivedData/AulaCRM-bupnftqbynphepejtxbugmlyzijp/Build/Intermediates.noindex/AulaCRM.build/Debug/AulaCRM.build/DerivedSources/CoreDataGenerated/AulaCRM/AulaCRM+CoreDataModel.swift /Users/arturo/Library/Developer/Xcode/DerivedData/AulaCRM-bupnftqbynphepejtxbugmlyzijp/Build/Intermediates.noindex/AulaCRM.build/Debug/AulaCRM.build/DerivedSources/GeneratedAssetSymbols.swift (in target 'AulaCRM' from project 'AulaCRM')

SwiftCompile normal arm64 /Users/arturo/Library/Developer/Xcode/DerivedData/AulaCRM-bupnftqbynphepejtxbugmlyzijp/Build/Intermediates.noindex/AulaCRM.build/Debug/AulaCRM.build/DerivedSources/CoreDataGenerated/AulaCRM/AulaCRM+CoreDataModel.swift (in target 'AulaCRM' from project 'AulaCRM')
    cd /Users/arturo/Desktop/Aula_CRM/AulaCRM
    

SwiftCompile normal arm64 /Users/arturo/Library/Developer/Xcode/DerivedData/AulaCRM-bupnftqbynphepejtxbugmlyzijp/Build/Intermediates.noindex/AulaCRM.build/Debug/AulaCRM.build/DerivedSources/GeneratedAssetSymbols.swift (in target 'AulaCRM' from project 'AulaCRM')
    cd /Users/arturo/Desktop/Aula_CRM/AulaCRM
    

SwiftDriverJobDiscovery normal arm64 Compiling LineaFactura+CoreDataClass.swift, LineaFactura+CoreDataProperties.swift (in target 'AulaCRM' from project 'AulaCRM')

SwiftDriverJobDiscovery normal arm64 Compiling Tipo+CoreDataClass.swift, Tipo+CoreDataProperties.swift (in target 'AulaCRM' from project 'AulaCRM')

SwiftDriverJobDiscovery normal arm64 Compiling Factura+CoreDataClass.swift, Factura+CoreDataProperties.swift (in target 'AulaCRM' from project 'AulaCRM')

SwiftDriverJobDiscovery normal arm64 Compiling Producto+CoreDataClass.swift, Producto+CoreDataProperties.swift (in target 'AulaCRM' from project 'AulaCRM')

SwiftDriverJobDiscovery normal arm64 Compiling MovimientoAlmacen+CoreDataClass.swift, MovimientoAlmacen+CoreDataProperties.swift (in target 'AulaCRM' from project 'AulaCRM')

SwiftDriverJobDiscovery normal arm64 Compiling Compra+CoreDataProperties.swift, Contacto+CoreDataClass.swift, Contacto+CoreDataProperties.swift (in target 'AulaCRM' from project 'AulaCRM')

SwiftDriverJobDiscovery normal arm64 Compiling Persona+CoreDataClass.swift, Persona+CoreDataProperties.swift (in target 'AulaCRM' from project 'AulaCRM')

SwiftDriverJobDiscovery normal arm64 Compiling AulaCRM+CoreDataModel.swift, GeneratedAssetSymbols.swift (in target 'AulaCRM' from project 'AulaCRM')

SwiftExplicitDependencyGeneratePcm x86_64 /Users/arturo/Library/Developer/Xcode/DerivedData/ModuleCache.noindex/Cocoa-DQUKZTKQXQN52OPXLE2W9RW3L.pcm

SwiftDriverJobDiscovery normal arm64 Emitting module for AulaCRM (in target 'AulaCRM' from project 'AulaCRM')

SwiftDriver\ Compilation\ Requirements AulaCRM normal arm64 com.apple.xcode.tools.swift.compiler (in target 'AulaCRM' from project 'AulaCRM')
    cd /Users/arturo/Desktop/Aula_CRM/AulaCRM
    builtin-Swift-Compilation-Requirements -- /Applications/Xcode.app/Contents/Developer/Toolchains/XcodeDefault.xctoolchain/usr/bin/swiftc -module-name AulaCRM -Onone -enforce-exclusivity\=checked @/Users/arturo/Library/Developer/Xcode/DerivedData/AulaCRM-bupnftqbynphepejtxbugmlyzijp/Build/Intermediates.noindex/AulaCRM.build/Debug/AulaCRM.build/Objects-normal/arm64/AulaCRM.SwiftFileList -DDEBUG -default-isolation\=MainActor -enable-bare-slash-regex -enable-upcoming-feature DisableOutwardActorInference -enable-upcoming-feature InferSendableFromCaptures -enable-upcoming-feature GlobalActorIsolatedTypesUsability -enable-upcoming-feature MemberImportVisibility -enable-upcoming-feature InferIsolatedConformances -enable-upcoming-feature NonisolatedNonsendingByDefault -enable-experimental-feature DebugDescriptionMacro -sdk /Applications/Xcode.app/Contents/Developer/Platforms/MacOSX.platform/Developer/SDKs/MacOSX26.1.sdk -target arm64-apple-macos26.0 -g -module-cache-path /Users/arturo/Library/Developer/Xcode/DerivedData/ModuleCache.noindex -Xfrontend -serialize-debugging-options -enable-testing -index-store-path /Users/arturo/Library/Developer/Xcode/DerivedData/AulaCRM-bupnftqbynphepejtxbugmlyzijp/Index.noindex/DataStore -Xcc -D_LIBCPP_HARDENING_MODE\=_LIBCPP_HARDENING_MODE_DEBUG -swift-version 5 -I /Users/arturo/Library/Developer/Xcode/DerivedData/AulaCRM-bupnftqbynphepejtxbugmlyzijp/Build/Products/Debug -F /Users/arturo/Library/Developer/Xcode/DerivedData/AulaCRM-bupnftqbynphepejtxbugmlyzijp/Build/Products/Debug -emit-localized-strings -emit-localized-strings-path /Users/arturo/Library/Developer/Xcode/DerivedData/AulaCRM-bupnftqbynphepejtxbugmlyzijp/Build/Intermediates.noindex/AulaCRM.build/Debug/AulaCRM.build/Objects-normal/arm64 -c -j10 -enable-batch-mode -incremental -Xcc -ivfsstatcache -Xcc /Users/arturo/Library/Developer/Xcode/DerivedData/SDKStatCaches.noindex/macosx26.1-25B74-3ae1261907bdadc328169391a47051a6.sdkstatcache -output-file-map /Users/arturo/Library/Developer/Xcode/DerivedData/AulaCRM-bupnftqbynphepejtxbugmlyzijp/Build/Intermediates.noindex/AulaCRM.build/Debug/AulaCRM.build/Objects-normal/arm64/AulaCRM-OutputFileMap.json -use-frontend-parseable-output -save-temps -no-color-diagnostics -explicit-module-build -module-cache-path /Users/arturo/Library/Developer/Xcode/DerivedData/AulaCRM-bupnftqbynphepejtxbugmlyzijp/Build/Intermediates.noindex/SwiftExplicitPrecompiledModules -clang-scanner-module-cache-path /Users/arturo/Library/Developer/Xcode/DerivedData/ModuleCache.noindex -sdk-module-cache-path /Users/arturo/Library/Developer/Xcode/DerivedData/ModuleCache.noindex -serialize-diagnostics -emit-dependencies -emit-module -emit-module-path /Users/arturo/Library/Developer/Xcode/DerivedData/AulaCRM-bupnftqbynphepejtxbugmlyzijp/Build/Intermediates.noindex/AulaCRM.build/Debug/AulaCRM.build/Objects-normal/arm64/AulaCRM.swiftmodule -validate-clang-modules-once -clang-build-session-file /Users/arturo/Library/Developer/Xcode/DerivedData/ModuleCache.noindex/Session.modulevalidation -Xcc -I/Users/arturo/Library/Developer/Xcode/DerivedData/AulaCRM-bupnftqbynphepejtxbugmlyzijp/Build/Intermediates.noindex/AulaCRM.build/Debug/AulaCRM.build/swift-overrides.hmap -emit-const-values -Xfrontend -const-gather-protocols-file -Xfrontend /Users/arturo/Library/Developer/Xcode/DerivedData/AulaCRM-bupnftqbynphepejtxbugmlyzijp/Build/Intermediates.noindex/AulaCRM.build/Debug/AulaCRM.build/Objects-normal/arm64/AulaCRM_const_extract_protocols.json -Xcc -iquote -Xcc /Users/arturo/Library/Developer/Xcode/DerivedData/AulaCRM-bupnftqbynphepejtxbugmlyzijp/Build/Intermediates.noindex/AulaCRM.build/Debug/AulaCRM.build/AulaCRM-generated-files.hmap -Xcc -I/Users/arturo/Library/Developer/Xcode/DerivedData/AulaCRM-bupnftqbynphepejtxbugmlyzijp/Build/Intermediates.noindex/AulaCRM.build/Debug/AulaCRM.build/AulaCRM-own-target-headers.hmap -Xcc -I/Users/arturo/Library/Developer/Xcode/DerivedData/AulaCRM-bupnftqbynphepejtxbugmlyzijp/Build/Intermediates.noindex/AulaCRM.build/Debug/AulaCRM.build/AulaCRM-all-target-headers.hmap -Xcc -iquote -Xcc /Users/arturo/Library/Developer/Xcode/DerivedData/AulaCRM-bupnftqbynphepejtxbugmlyzijp/Build/Intermediates.noindex/AulaCRM.build/Debug/AulaCRM.build/AulaCRM-project-headers.hmap -Xcc -I/Users/arturo/Library/Developer/Xcode/DerivedData/AulaCRM-bupnftqbynphepejtxbugmlyzijp/Build/Products/Debug/include -Xcc -I/Users/arturo/Library/Developer/Xcode/DerivedData/AulaCRM-bupnftqbynphepejtxbugmlyzijp/Build/Intermediates.noindex/AulaCRM.build/Debug/AulaCRM.build/DerivedSources-normal/arm64 -Xcc -I/Users/arturo/Library/Developer/Xcode/DerivedData/AulaCRM-bupnftqbynphepejtxbugmlyzijp/Build/Intermediates.noindex/AulaCRM.build/Debug/AulaCRM.build/DerivedSources/arm64 -Xcc -I/Users/arturo/Library/Developer/Xcode/DerivedData/AulaCRM-bupnftqbynphepejtxbugmlyzijp/Build/Intermediates.noindex/AulaCRM.build/Debug/AulaCRM.build/DerivedSources -Xcc -DDEBUG\=1 -emit-objc-header -emit-objc-header-path /Users/arturo/Library/Developer/Xcode/DerivedData/AulaCRM-bupnftqbynphepejtxbugmlyzijp/Build/Intermediates.noindex/AulaCRM.build/Debug/AulaCRM.build/Objects-normal/arm64/AulaCRM-Swift.h -working-directory /Users/arturo/Desktop/Aula_CRM/AulaCRM -experimental-emit-module-separately -disable-cmo

Copy /Users/arturo/Library/Developer/Xcode/DerivedData/AulaCRM-bupnftqbynphepejtxbugmlyzijp/Build/Products/Debug/AulaCRM.swiftmodule/arm64-apple-macos.swiftdoc /Users/arturo/Library/Developer/Xcode/DerivedData/AulaCRM-bupnftqbynphepejtxbugmlyzijp/Build/Intermediates.noindex/AulaCRM.build/Debug/AulaCRM.build/Objects-normal/arm64/AulaCRM.swiftdoc (in target 'AulaCRM' from project 'AulaCRM')
    cd /Users/arturo/Desktop/Aula_CRM/AulaCRM
    builtin-copy -exclude .DS_Store -exclude CVS -exclude .svn -exclude .git -exclude .hg -resolve-src-symlinks -rename /Users/arturo/Library/Developer/Xcode/DerivedData/AulaCRM-bupnftqbynphepejtxbugmlyzijp/Build/Intermediates.noindex/AulaCRM.build/Debug/AulaCRM.build/Objects-normal/arm64/AulaCRM.swiftdoc /Users/arturo/Library/Developer/Xcode/DerivedData/AulaCRM-bupnftqbynphepejtxbugmlyzijp/Build/Products/Debug/AulaCRM.swiftmodule/arm64-apple-macos.swiftdoc

Copy /Users/arturo/Library/Developer/Xcode/DerivedData/AulaCRM-bupnftqbynphepejtxbugmlyzijp/Build/Products/Debug/AulaCRM.swiftmodule/arm64-apple-macos.swiftmodule /Users/arturo/Library/Developer/Xcode/DerivedData/AulaCRM-bupnftqbynphepejtxbugmlyzijp/Build/Intermediates.noindex/AulaCRM.build/Debug/AulaCRM.build/Objects-normal/arm64/AulaCRM.swiftmodule (in target 'AulaCRM' from project 'AulaCRM')
    cd /Users/arturo/Desktop/Aula_CRM/AulaCRM
    builtin-copy -exclude .DS_Store -exclude CVS -exclude .svn -exclude .git -exclude .hg -resolve-src-symlinks -rename /Users/arturo/Library/Developer/Xcode/DerivedData/AulaCRM-bupnftqbynphepejtxbugmlyzijp/Build/Intermediates.noindex/AulaCRM.build/Debug/AulaCRM.build/Objects-normal/arm64/AulaCRM.swiftmodule /Users/arturo/Library/Developer/Xcode/DerivedData/AulaCRM-bupnftqbynphepejtxbugmlyzijp/Build/Products/Debug/AulaCRM.swiftmodule/arm64-apple-macos.swiftmodule

Copy /Users/arturo/Library/Developer/Xcode/DerivedData/AulaCRM-bupnftqbynphepejtxbugmlyzijp/Build/Products/Debug/AulaCRM.swiftmodule/arm64-apple-macos.abi.json /Users/arturo/Library/Developer/Xcode/DerivedData/AulaCRM-bupnftqbynphepejtxbugmlyzijp/Build/Intermediates.noindex/AulaCRM.build/Debug/AulaCRM.build/Objects-normal/arm64/AulaCRM.abi.json (in target 'AulaCRM' from project 'AulaCRM')
    cd /Users/arturo/Desktop/Aula_CRM/AulaCRM
    builtin-copy -exclude .DS_Store -exclude CVS -exclude .svn -exclude .git -exclude .hg -resolve-src-symlinks -rename /Users/arturo/Library/Developer/Xcode/DerivedData/AulaCRM-bupnftqbynphepejtxbugmlyzijp/Build/Intermediates.noindex/AulaCRM.build/Debug/AulaCRM.build/Objects-normal/arm64/AulaCRM.abi.json /Users/arturo/Library/Developer/Xcode/DerivedData/AulaCRM-bupnftqbynphepejtxbugmlyzijp/Build/Products/Debug/AulaCRM.swiftmodule/arm64-apple-macos.abi.json

Copy /Users/arturo/Library/Developer/Xcode/DerivedData/AulaCRM-bupnftqbynphepejtxbugmlyzijp/Build/Products/Debug/AulaCRM.swiftmodule/Project/arm64-apple-macos.swiftsourceinfo /Users/arturo/Library/Developer/Xcode/DerivedData/AulaCRM-bupnftqbynphepejtxbugmlyzijp/Build/Intermediates.noindex/AulaCRM.build/Debug/AulaCRM.build/Objects-normal/arm64/AulaCRM.swiftsourceinfo (in target 'AulaCRM' from project 'AulaCRM')
    cd /Users/arturo/Desktop/Aula_CRM/AulaCRM
    builtin-copy -exclude .DS_Store -exclude CVS -exclude .svn -exclude .git -exclude .hg -resolve-src-symlinks -rename /Users/arturo/Library/Developer/Xcode/DerivedData/AulaCRM-bupnftqbynphepejtxbugmlyzijp/Build/Intermediates.noindex/AulaCRM.build/Debug/AulaCRM.build/Objects-normal/arm64/AulaCRM.swiftsourceinfo /Users/arturo/Library/Developer/Xcode/DerivedData/AulaCRM-bupnftqbynphepejtxbugmlyzijp/Build/Products/Debug/AulaCRM.swiftmodule/Project/arm64-apple-macos.swiftsourceinfo

SwiftExplicitDependencyGeneratePcm x86_64 /Users/arturo/Library/Developer/Xcode/DerivedData/ModuleCache.noindex/PDFKit-BEY08ZWCH15JQ0U52DLQPCI8A.pcm

SwiftEmitModule normal x86_64 Emitting\ module\ for\ AulaCRM (in target 'AulaCRM' from project 'AulaCRM')
EmitSwiftModule normal x86_64 (in target 'AulaCRM' from project 'AulaCRM')
    cd /Users/arturo/Desktop/Aula_CRM/AulaCRM
    

SwiftCompile normal x86_64 Compiling\ Persona+CoreDataClass.swift,\ Persona+CoreDataProperties.swift,\ Producto+CoreDataClass.swift,\ Producto+CoreDataProperties.swift /Users/arturo/Library/Developer/Xcode/DerivedData/AulaCRM-bupnftqbynphepejtxbugmlyzijp/Build/Intermediates.noindex/AulaCRM.build/Debug/AulaCRM.build/DerivedSources/CoreDataGenerated/AulaCRM/Persona+CoreDataClass.swift /Users/arturo/Library/Developer/Xcode/DerivedData/AulaCRM-bupnftqbynphepejtxbugmlyzijp/Build/Intermediates.noindex/AulaCRM.build/Debug/AulaCRM.build/DerivedSources/CoreDataGenerated/AulaCRM/Persona+CoreDataProperties.swift /Users/arturo/Library/Developer/Xcode/DerivedData/AulaCRM-bupnftqbynphepejtxbugmlyzijp/Build/Intermediates.noindex/AulaCRM.build/Debug/AulaCRM.build/DerivedSources/CoreDataGenerated/AulaCRM/Producto+CoreDataClass.swift /Users/arturo/Library/Developer/Xcode/DerivedData/AulaCRM-bupnftqbynphepejtxbugmlyzijp/Build/Intermediates.noindex/AulaCRM.build/Debug/AulaCRM.build/DerivedSources/CoreDataGenerated/AulaCRM/Producto+CoreDataProperties.swift (in target 'AulaCRM' from project 'AulaCRM')
SwiftCompile normal x86_64 /Users/arturo/Library/Developer/Xcode/DerivedData/AulaCRM-bupnftqbynphepejtxbugmlyzijp/Build/Intermediates.noindex/AulaCRM.build/Debug/AulaCRM.build/DerivedSources/CoreDataGenerated/AulaCRM/Persona+CoreDataClass.swift (in target 'AulaCRM' from project 'AulaCRM')
    cd /Users/arturo/Desktop/Aula_CRM/AulaCRM
    

SwiftCompile normal x86_64 /Users/arturo/Library/Developer/Xcode/DerivedData/AulaCRM-bupnftqbynphepejtxbugmlyzijp/Build/Intermediates.noindex/AulaCRM.build/Debug/AulaCRM.build/DerivedSources/CoreDataGenerated/AulaCRM/Persona+CoreDataProperties.swift (in target 'AulaCRM' from project 'AulaCRM')
    cd /Users/arturo/Desktop/Aula_CRM/AulaCRM
    

SwiftCompile normal x86_64 /Users/arturo/Library/Developer/Xcode/DerivedData/AulaCRM-bupnftqbynphepejtxbugmlyzijp/Build/Intermediates.noindex/AulaCRM.build/Debug/AulaCRM.build/DerivedSources/CoreDataGenerated/AulaCRM/Producto+CoreDataClass.swift (in target 'AulaCRM' from project 'AulaCRM')
    cd /Users/arturo/Desktop/Aula_CRM/AulaCRM
    

SwiftCompile normal x86_64 /Users/arturo/Library/Developer/Xcode/DerivedData/AulaCRM-bupnftqbynphepejtxbugmlyzijp/Build/Intermediates.noindex/AulaCRM.build/Debug/AulaCRM.build/DerivedSources/CoreDataGenerated/AulaCRM/Producto+CoreDataProperties.swift (in target 'AulaCRM' from project 'AulaCRM')
    cd /Users/arturo/Desktop/Aula_CRM/AulaCRM
    

SwiftCompile normal x86_64 Compiling\ FilterView.swift,\ MapTabView.swift,\ NuevaFacturaView.swift,\ ShareSheet.swift /Users/arturo/Desktop/Aula_CRM/AulaCRM/AulaCRM/Views/FilterView.swift /Users/arturo/Desktop/Aula_CRM/AulaCRM/AulaCRM/Views/MapTabView.swift /Users/arturo/Desktop/Aula_CRM/AulaCRM/AulaCRM/Views/NuevaFacturaView.swift /Users/arturo/Desktop/Aula_CRM/AulaCRM/AulaCRM/Views/ShareSheet.swift (in target 'AulaCRM' from project 'AulaCRM')
SwiftCompile normal x86_64 /Users/arturo/Desktop/Aula_CRM/AulaCRM/AulaCRM/Views/FilterView.swift (in target 'AulaCRM' from project 'AulaCRM')
    cd /Users/arturo/Desktop/Aula_CRM/AulaCRM
    

SwiftCompile normal x86_64 /Users/arturo/Desktop/Aula_CRM/AulaCRM/AulaCRM/Views/MapTabView.swift (in target 'AulaCRM' from project 'AulaCRM')
    cd /Users/arturo/Desktop/Aula_CRM/AulaCRM
    

SwiftCompile normal x86_64 /Users/arturo/Desktop/Aula_CRM/AulaCRM/AulaCRM/Views/NuevaFacturaView.swift (in target 'AulaCRM' from project 'AulaCRM')
    cd /Users/arturo/Desktop/Aula_CRM/AulaCRM
    

SwiftCompile normal x86_64 /Users/arturo/Desktop/Aula_CRM/AulaCRM/AulaCRM/Views/ShareSheet.swift (in target 'AulaCRM' from project 'AulaCRM')
    cd /Users/arturo/Desktop/Aula_CRM/AulaCRM
    

SwiftCompile normal x86_64 Compiling\ CSVImporter.swift,\ FacturaPDFGenerator.swift,\ Persistence.swift,\ Producto+Extensions.swift /Users/arturo/Desktop/Aula_CRM/AulaCRM/AulaCRM/CSVImporter.swift /Users/arturo/Desktop/Aula_CRM/AulaCRM/AulaCRM/FacturaPDFGenerator.swift /Users/arturo/Desktop/Aula_CRM/AulaCRM/AulaCRM/Persistence.swift /Users/arturo/Desktop/Aula_CRM/AulaCRM/AulaCRM/Producto+Extensions.swift (in target 'AulaCRM' from project 'AulaCRM')

SwiftCompile normal x86_64 /Users/arturo/Desktop/Aula_CRM/AulaCRM/AulaCRM/CSVImporter.swift (in target 'AulaCRM' from project 'AulaCRM')
    cd /Users/arturo/Desktop/Aula_CRM/AulaCRM
    
/Users/arturo/Desktop/Aula_CRM/AulaCRM/AulaCRM/CSVImporter.swift:337:24: warning: value 'existente' was defined but never used; consider replacing with boolean test
                if let existente = vistosISBN[isbn] {
                   ~~~~^~~~~~~~~~~~
                                                    != nil

SwiftCompile normal x86_64 /Users/arturo/Desktop/Aula_CRM/AulaCRM/AulaCRM/FacturaPDFGenerator.swift (in target 'AulaCRM' from project 'AulaCRM')
    cd /Users/arturo/Desktop/Aula_CRM/AulaCRM
    

SwiftCompile normal x86_64 /Users/arturo/Desktop/Aula_CRM/AulaCRM/AulaCRM/Persistence.swift (in target 'AulaCRM' from project 'AulaCRM')
    cd /Users/arturo/Desktop/Aula_CRM/AulaCRM
    

SwiftCompile normal x86_64 /Users/arturo/Desktop/Aula_CRM/AulaCRM/AulaCRM/Producto+Extensions.swift (in target 'AulaCRM' from project 'AulaCRM')
    cd /Users/arturo/Desktop/Aula_CRM/AulaCRM
    

SwiftCompile normal x86_64 Compiling\ AlmacenView.swift,\ ContactDetailMiniView.swift,\ DetailTabView.swift,\ FacturasTabView.swift /Users/arturo/Desktop/Aula_CRM/AulaCRM/AulaCRM/Views/AlmacenView.swift /Users/arturo/Desktop/Aula_CRM/AulaCRM/AulaCRM/Views/ContactDetailMiniView.swift /Users/arturo/Desktop/Aula_CRM/AulaCRM/AulaCRM/Views/DetailTabView.swift /Users/arturo/Desktop/Aula_CRM/AulaCRM/AulaCRM/Views/FacturasTabView.swift (in target 'AulaCRM' from project 'AulaCRM')

SwiftCompile normal x86_64 /Users/arturo/Desktop/Aula_CRM/AulaCRM/AulaCRM/Views/AlmacenView.swift (in target 'AulaCRM' from project 'AulaCRM')
    cd /Users/arturo/Desktop/Aula_CRM/AulaCRM
    

SwiftCompile normal x86_64 /Users/arturo/Desktop/Aula_CRM/AulaCRM/AulaCRM/Views/ContactDetailMiniView.swift (in target 'AulaCRM' from project 'AulaCRM')
    cd /Users/arturo/Desktop/Aula_CRM/AulaCRM
    

SwiftCompile normal x86_64 /Users/arturo/Desktop/Aula_CRM/AulaCRM/AulaCRM/Views/DetailTabView.swift (in target 'AulaCRM' from project 'AulaCRM')
    cd /Users/arturo/Desktop/Aula_CRM/AulaCRM
    

SwiftCompile normal x86_64 /Users/arturo/Desktop/Aula_CRM/AulaCRM/AulaCRM/Views/FacturasTabView.swift (in target 'AulaCRM' from project 'AulaCRM')
    cd /Users/arturo/Desktop/Aula_CRM/AulaCRM
    

SwiftCompile normal x86_64 Compiling\ AulaCRMApp.swift,\ BackupManager.swift,\ Contacto+Extensions.swift,\ ContentView.swift /Users/arturo/Desktop/Aula_CRM/AulaCRM/AulaCRM/AulaCRMApp.swift /Users/arturo/Desktop/Aula_CRM/AulaCRM/AulaCRM/BackupManager.swift /Users/arturo/Desktop/Aula_CRM/AulaCRM/AulaCRM/Contacto+Extensions.swift /Users/arturo/Desktop/Aula_CRM/AulaCRM/AulaCRM/ContentView.swift (in target 'AulaCRM' from project 'AulaCRM')

SwiftCompile normal x86_64 /Users/arturo/Desktop/Aula_CRM/AulaCRM/AulaCRM/AulaCRMApp.swift (in target 'AulaCRM' from project 'AulaCRM')
    cd /Users/arturo/Desktop/Aula_CRM/AulaCRM
    

SwiftCompile normal x86_64 /Users/arturo/Desktop/Aula_CRM/AulaCRM/AulaCRM/BackupManager.swift (in target 'AulaCRM' from project 'AulaCRM')
    cd /Users/arturo/Desktop/Aula_CRM/AulaCRM
    

SwiftCompile normal x86_64 /Users/arturo/Desktop/Aula_CRM/AulaCRM/AulaCRM/Contacto+Extensions.swift (in target 'AulaCRM' from project 'AulaCRM')
    cd /Users/arturo/Desktop/Aula_CRM/AulaCRM
    

SwiftCompile normal x86_64 /Users/arturo/Desktop/Aula_CRM/AulaCRM/AulaCRM/ContentView.swift (in target 'AulaCRM' from project 'AulaCRM')
    cd /Users/arturo/Desktop/Aula_CRM/AulaCRM
    
/Users/arturo/Desktop/Aula_CRM/AulaCRM/AulaCRM/ContentView.swift:761:63: warning: main actor-isolated static property 'shared' cannot be accessed from outside of the actor; this is an error in the Swift 6 language mode
                        let bgContext = PersistenceController.shared.container.newBackgroundContext()
                                        ~~~~~~~~~~~~~~~~~~~~~~^~~~~~~~~~~~~~~~~~~~~~~~~~~~~~~~~~~~~~~
                                        await 

SwiftCompile normal x86_64 Compiling\ Contacto+CoreDataClass.swift,\ Contacto+CoreDataProperties.swift,\ Conversacion+CoreDataClass.swift,\ Conversacion+CoreDataProperties.swift /Users/arturo/Library/Developer/Xcode/DerivedData/AulaCRM-bupnftqbynphepejtxbugmlyzijp/Build/Intermediates.noindex/AulaCRM.build/Debug/AulaCRM.build/DerivedSources/CoreDataGenerated/AulaCRM/Contacto+CoreDataClass.swift /Users/arturo/Library/Developer/Xcode/DerivedData/AulaCRM-bupnftqbynphepejtxbugmlyzijp/Build/Intermediates.noindex/AulaCRM.build/Debug/AulaCRM.build/DerivedSources/CoreDataGenerated/AulaCRM/Contacto+CoreDataProperties.swift /Users/arturo/Library/Developer/Xcode/DerivedData/AulaCRM-bupnftqbynphepejtxbugmlyzijp/Build/Intermediates.noindex/AulaCRM.build/Debug/AulaCRM.build/DerivedSources/CoreDataGenerated/AulaCRM/Conversacion+CoreDataClass.swift /Users/arturo/Library/Developer/Xcode/DerivedData/AulaCRM-bupnftqbynphepejtxbugmlyzijp/Build/Intermediates.noindex/AulaCRM.build/Debug/AulaCRM.build/DerivedSources/CoreDataGenerated/AulaCRM/Conversacion+CoreDataProperties.swift (in target 'AulaCRM' from project 'AulaCRM')

SwiftCompile normal x86_64 /Users/arturo/Library/Developer/Xcode/DerivedData/AulaCRM-bupnftqbynphepejtxbugmlyzijp/Build/Intermediates.noindex/AulaCRM.build/Debug/AulaCRM.build/DerivedSources/CoreDataGenerated/AulaCRM/Contacto+CoreDataClass.swift (in target 'AulaCRM' from project 'AulaCRM')
    cd /Users/arturo/Desktop/Aula_CRM/AulaCRM
    

SwiftCompile normal x86_64 /Users/arturo/Library/Developer/Xcode/DerivedData/AulaCRM-bupnftqbynphepejtxbugmlyzijp/Build/Intermediates.noindex/AulaCRM.build/Debug/AulaCRM.build/DerivedSources/CoreDataGenerated/AulaCRM/Contacto+CoreDataProperties.swift (in target 'AulaCRM' from project 'AulaCRM')
    cd /Users/arturo/Desktop/Aula_CRM/AulaCRM
    

SwiftCompile normal x86_64 /Users/arturo/Library/Developer/Xcode/DerivedData/AulaCRM-bupnftqbynphepejtxbugmlyzijp/Build/Intermediates.noindex/AulaCRM.build/Debug/AulaCRM.build/DerivedSources/CoreDataGenerated/AulaCRM/Conversacion+CoreDataClass.swift (in target 'AulaCRM' from project 'AulaCRM')
    cd /Users/arturo/Desktop/Aula_CRM/AulaCRM
    

SwiftCompile normal x86_64 /Users/arturo/Library/Developer/Xcode/DerivedData/AulaCRM-bupnftqbynphepejtxbugmlyzijp/Build/Intermediates.noindex/AulaCRM.build/Debug/AulaCRM.build/DerivedSources/CoreDataGenerated/AulaCRM/Conversacion+CoreDataProperties.swift (in target 'AulaCRM' from project 'AulaCRM')
    cd /Users/arturo/Desktop/Aula_CRM/AulaCRM
    

SwiftCompile normal x86_64 Compiling\ LineaFactura+CoreDataProperties.swift,\ AulaCRM+CoreDataModel.swift,\ GeneratedAssetSymbols.swift /Users/arturo/Library/Developer/Xcode/DerivedData/AulaCRM-bupnftqbynphepejtxbugmlyzijp/Build/Intermediates.noindex/AulaCRM.build/Debug/AulaCRM.build/DerivedSources/CoreDataGenerated/AulaCRM/LineaFactura+CoreDataProperties.swift /Users/arturo/Library/Developer/Xcode/DerivedData/AulaCRM-bupnftqbynphepejtxbugmlyzijp/Build/Intermediates.noindex/AulaCRM.build/Debug/AulaCRM.build/DerivedSources/CoreDataGenerated/AulaCRM/AulaCRM+CoreDataModel.swift /Users/arturo/Library/Developer/Xcode/DerivedData/AulaCRM-bupnftqbynphepejtxbugmlyzijp/Build/Intermediates.noindex/AulaCRM.build/Debug/AulaCRM.build/DerivedSources/GeneratedAssetSymbols.swift (in target 'AulaCRM' from project 'AulaCRM')

SwiftCompile normal x86_64 /Users/arturo/Library/Developer/Xcode/DerivedData/AulaCRM-bupnftqbynphepejtxbugmlyzijp/Build/Intermediates.noindex/AulaCRM.build/Debug/AulaCRM.build/DerivedSources/CoreDataGenerated/AulaCRM/LineaFactura+CoreDataProperties.swift (in target 'AulaCRM' from project 'AulaCRM')
    cd /Users/arturo/Desktop/Aula_CRM/AulaCRM
    

SwiftCompile normal x86_64 /Users/arturo/Library/Developer/Xcode/DerivedData/AulaCRM-bupnftqbynphepejtxbugmlyzijp/Build/Intermediates.noindex/AulaCRM.build/Debug/AulaCRM.build/DerivedSources/CoreDataGenerated/AulaCRM/AulaCRM+CoreDataModel.swift (in target 'AulaCRM' from project 'AulaCRM')
    cd /Users/arturo/Desktop/Aula_CRM/AulaCRM
    

SwiftCompile normal x86_64 /Users/arturo/Library/Developer/Xcode/DerivedData/AulaCRM-bupnftqbynphepejtxbugmlyzijp/Build/Intermediates.noindex/AulaCRM.build/Debug/AulaCRM.build/DerivedSources/GeneratedAssetSymbols.swift (in target 'AulaCRM' from project 'AulaCRM')
    cd /Users/arturo/Desktop/Aula_CRM/AulaCRM
    

SwiftCompile normal x86_64 Compiling\ Factura+CoreDataClass.swift,\ Factura+CoreDataProperties.swift,\ LineaFactura+CoreDataClass.swift /Users/arturo/Library/Developer/Xcode/DerivedData/AulaCRM-bupnftqbynphepejtxbugmlyzijp/Build/Intermediates.noindex/AulaCRM.build/Debug/AulaCRM.build/DerivedSources/CoreDataGenerated/AulaCRM/Factura+CoreDataClass.swift /Users/arturo/Library/Developer/Xcode/DerivedData/AulaCRM-bupnftqbynphepejtxbugmlyzijp/Build/Intermediates.noindex/AulaCRM.build/Debug/AulaCRM.build/DerivedSources/CoreDataGenerated/AulaCRM/Factura+CoreDataProperties.swift /Users/arturo/Library/Developer/Xcode/DerivedData/AulaCRM-bupnftqbynphepejtxbugmlyzijp/Build/Intermediates.noindex/AulaCRM.build/Debug/AulaCRM.build/DerivedSources/CoreDataGenerated/AulaCRM/LineaFactura+CoreDataClass.swift (in target 'AulaCRM' from project 'AulaCRM')

SwiftCompile normal x86_64 /Users/arturo/Library/Developer/Xcode/DerivedData/AulaCRM-bupnftqbynphepejtxbugmlyzijp/Build/Intermediates.noindex/AulaCRM.build/Debug/AulaCRM.build/DerivedSources/CoreDataGenerated/AulaCRM/Factura+CoreDataClass.swift (in target 'AulaCRM' from project 'AulaCRM')
    cd /Users/arturo/Desktop/Aula_CRM/AulaCRM
    

SwiftCompile normal x86_64 /Users/arturo/Library/Developer/Xcode/DerivedData/AulaCRM-bupnftqbynphepejtxbugmlyzijp/Build/Intermediates.noindex/AulaCRM.build/Debug/AulaCRM.build/DerivedSources/CoreDataGenerated/AulaCRM/Factura+CoreDataProperties.swift (in target 'AulaCRM' from project 'AulaCRM')
    cd /Users/arturo/Desktop/Aula_CRM/AulaCRM
    

SwiftCompile normal x86_64 /Users/arturo/Library/Developer/Xcode/DerivedData/AulaCRM-bupnftqbynphepejtxbugmlyzijp/Build/Intermediates.noindex/AulaCRM.build/Debug/AulaCRM.build/DerivedSources/CoreDataGenerated/AulaCRM/LineaFactura+CoreDataClass.swift (in target 'AulaCRM' from project 'AulaCRM')
    cd /Users/arturo/Desktop/Aula_CRM/AulaCRM
    

SwiftCompile normal x86_64 Compiling\ SelectableText.swift,\ test_pdf.swift,\ Compra+CoreDataClass.swift,\ Compra+CoreDataProperties.swift /Users/arturo/Desktop/Aula_CRM/AulaCRM/AulaCRM/SelectableText.swift /Users/arturo/Desktop/Aula_CRM/AulaCRM/AulaCRM/test_pdf.swift /Users/arturo/Library/Developer/Xcode/DerivedData/AulaCRM-bupnftqbynphepejtxbugmlyzijp/Build/Intermediates.noindex/AulaCRM.build/Debug/AulaCRM.build/DerivedSources/CoreDataGenerated/AulaCRM/Compra+CoreDataClass.swift /Users/arturo/Library/Developer/Xcode/DerivedData/AulaCRM-bupnftqbynphepejtxbugmlyzijp/Build/Intermediates.noindex/AulaCRM.build/Debug/AulaCRM.build/DerivedSources/CoreDataGenerated/AulaCRM/Compra+CoreDataProperties.swift (in target 'AulaCRM' from project 'AulaCRM')

SwiftCompile normal x86_64 /Users/arturo/Desktop/Aula_CRM/AulaCRM/AulaCRM/SelectableText.swift (in target 'AulaCRM' from project 'AulaCRM')
    cd /Users/arturo/Desktop/Aula_CRM/AulaCRM
    

SwiftCompile normal x86_64 /Users/arturo/Desktop/Aula_CRM/AulaCRM/AulaCRM/test_pdf.swift (in target 'AulaCRM' from project 'AulaCRM')
    cd /Users/arturo/Desktop/Aula_CRM/AulaCRM
    

SwiftCompile normal x86_64 /Users/arturo/Library/Developer/Xcode/DerivedData/AulaCRM-bupnftqbynphepejtxbugmlyzijp/Build/Intermediates.noindex/AulaCRM.build/Debug/AulaCRM.build/DerivedSources/CoreDataGenerated/AulaCRM/Compra+CoreDataClass.swift (in target 'AulaCRM' from project 'AulaCRM')
    cd /Users/arturo/Desktop/Aula_CRM/AulaCRM
    

SwiftCompile normal x86_64 /Users/arturo/Library/Developer/Xcode/DerivedData/AulaCRM-bupnftqbynphepejtxbugmlyzijp/Build/Intermediates.noindex/AulaCRM.build/Debug/AulaCRM.build/DerivedSources/CoreDataGenerated/AulaCRM/Compra+CoreDataProperties.swift (in target 'AulaCRM' from project 'AulaCRM')
    cd /Users/arturo/Desktop/Aula_CRM/AulaCRM
    

SwiftDriverJobDiscovery normal arm64 Compiling FacturasTabView.swift, FacturaPDFGenerator.swift, Compra+CoreDataClass.swift (in target 'AulaCRM' from project 'AulaCRM')

SwiftCompile normal arm64 Compiling\ ContentView.swift /Users/arturo/Desktop/Aula_CRM/AulaCRM/AulaCRM/ContentView.swift (in target 'AulaCRM' from project 'AulaCRM')

SwiftCompile normal arm64 /Users/arturo/Desktop/Aula_CRM/AulaCRM/AulaCRM/ContentView.swift (in target 'AulaCRM' from project 'AulaCRM')
    cd /Users/arturo/Desktop/Aula_CRM/AulaCRM
    
/Users/arturo/Desktop/Aula_CRM/AulaCRM/AulaCRM/ContentView.swift:761:63: warning: main actor-isolated static property 'shared' cannot be accessed from outside of the actor; this is an error in the Swift 6 language mode
                        let bgContext = PersistenceController.shared.container.newBackgroundContext()
                                        ~~~~~~~~~~~~~~~~~~~~~~^~~~~~~~~~~~~~~~~~~~~~~~~~~~~~~~~~~~~~~
                                        await 

SwiftDriverJobDiscovery normal x86_64 Emitting module for AulaCRM (in target 'AulaCRM' from project 'AulaCRM')

SwiftDriver\ Compilation\ Requirements AulaCRM normal x86_64 com.apple.xcode.tools.swift.compiler (in target 'AulaCRM' from project 'AulaCRM')
    cd /Users/arturo/Desktop/Aula_CRM/AulaCRM
    builtin-Swift-Compilation-Requirements -- /Applications/Xcode.app/Contents/Developer/Toolchains/XcodeDefault.xctoolchain/usr/bin/swiftc -module-name AulaCRM -Onone -enforce-exclusivity\=checked @/Users/arturo/Library/Developer/Xcode/DerivedData/AulaCRM-bupnftqbynphepejtxbugmlyzijp/Build/Intermediates.noindex/AulaCRM.build/Debug/AulaCRM.build/Objects-normal/x86_64/AulaCRM.SwiftFileList -DDEBUG -default-isolation\=MainActor -enable-bare-slash-regex -enable-upcoming-feature DisableOutwardActorInference -enable-upcoming-feature InferSendableFromCaptures -enable-upcoming-feature GlobalActorIsolatedTypesUsability -enable-upcoming-feature MemberImportVisibility -enable-upcoming-feature InferIsolatedConformances -enable-upcoming-feature NonisolatedNonsendingByDefault -enable-experimental-feature DebugDescriptionMacro -sdk /Applications/Xcode.app/Contents/Developer/Platforms/MacOSX.platform/Developer/SDKs/MacOSX26.1.sdk -target x86_64-apple-macos26.0 -g -module-cache-path /Users/arturo/Library/Developer/Xcode/DerivedData/ModuleCache.noindex -Xfrontend -serialize-debugging-options -enable-testing -index-store-path /Users/arturo/Library/Developer/Xcode/DerivedData/AulaCRM-bupnftqbynphepejtxbugmlyzijp/Index.noindex/DataStore -Xcc -D_LIBCPP_HARDENING_MODE\=_LIBCPP_HARDENING_MODE_DEBUG -swift-version 5 -I /Users/arturo/Library/Developer/Xcode/DerivedData/AulaCRM-bupnftqbynphepejtxbugmlyzijp/Build/Products/Debug -F /Users/arturo/Library/Developer/Xcode/DerivedData/AulaCRM-bupnftqbynphepejtxbugmlyzijp/Build/Products/Debug -emit-localized-strings -emit-localized-strings-path /Users/arturo/Library/Developer/Xcode/DerivedData/AulaCRM-bupnftqbynphepejtxbugmlyzijp/Build/Intermediates.noindex/AulaCRM.build/Debug/AulaCRM.build/Objects-normal/x86_64 -c -j10 -enable-batch-mode -incremental -Xcc -ivfsstatcache -Xcc /Users/arturo/Library/Developer/Xcode/DerivedData/SDKStatCaches.noindex/macosx26.1-25B74-3ae1261907bdadc328169391a47051a6.sdkstatcache -output-file-map /Users/arturo/Library/Developer/Xcode/DerivedData/AulaCRM-bupnftqbynphepejtxbugmlyzijp/Build/Intermediates.noindex/AulaCRM.build/Debug/AulaCRM.build/Objects-normal/x86_64/AulaCRM-OutputFileMap.json -use-frontend-parseable-output -save-temps -no-color-diagnostics -explicit-module-build -module-cache-path /Users/arturo/Library/Developer/Xcode/DerivedData/AulaCRM-bupnftqbynphepejtxbugmlyzijp/Build/Intermediates.noindex/SwiftExplicitPrecompiledModules -clang-scanner-module-cache-path /Users/arturo/Library/Developer/Xcode/DerivedData/ModuleCache.noindex -sdk-module-cache-path /Users/arturo/Library/Developer/Xcode/DerivedData/ModuleCache.noindex -serialize-diagnostics -emit-dependencies -emit-module -emit-module-path /Users/arturo/Library/Developer/Xcode/DerivedData/AulaCRM-bupnftqbynphepejtxbugmlyzijp/Build/Intermediates.noindex/AulaCRM.build/Debug/AulaCRM.build/Objects-normal/x86_64/AulaCRM.swiftmodule -validate-clang-modules-once -clang-build-session-file /Users/arturo/Library/Developer/Xcode/DerivedData/ModuleCache.noindex/Session.modulevalidation -Xcc -I/Users/arturo/Library/Developer/Xcode/DerivedData/AulaCRM-bupnftqbynphepejtxbugmlyzijp/Build/Intermediates.noindex/AulaCRM.build/Debug/AulaCRM.build/swift-overrides.hmap -emit-const-values -Xfrontend -const-gather-protocols-file -Xfrontend /Users/arturo/Library/Developer/Xcode/DerivedData/AulaCRM-bupnftqbynphepejtxbugmlyzijp/Build/Intermediates.noindex/AulaCRM.build/Debug/AulaCRM.build/Objects-normal/x86_64/AulaCRM_const_extract_protocols.json -Xcc -iquote -Xcc /Users/arturo/Library/Developer/Xcode/DerivedData/AulaCRM-bupnftqbynphepejtxbugmlyzijp/Build/Intermediates.noindex/AulaCRM.build/Debug/AulaCRM.build/AulaCRM-generated-files.hmap -Xcc -I/Users/arturo/Library/Developer/Xcode/DerivedData/AulaCRM-bupnftqbynphepejtxbugmlyzijp/Build/Intermediates.noindex/AulaCRM.build/Debug/AulaCRM.build/AulaCRM-own-target-headers.hmap -Xcc -I/Users/arturo/Library/Developer/Xcode/DerivedData/AulaCRM-bupnftqbynphepejtxbugmlyzijp/Build/Intermediates.noindex/AulaCRM.build/Debug/AulaCRM.build/AulaCRM-all-target-headers.hmap -Xcc -iquote -Xcc /Users/arturo/Library/Developer/Xcode/DerivedData/AulaCRM-bupnftqbynphepejtxbugmlyzijp/Build/Intermediates.noindex/AulaCRM.build/Debug/AulaCRM.build/AulaCRM-project-headers.hmap -Xcc -I/Users/arturo/Library/Developer/Xcode/DerivedData/AulaCRM-bupnftqbynphepejtxbugmlyzijp/Build/Products/Debug/include -Xcc -I/Users/arturo/Library/Developer/Xcode/DerivedData/AulaCRM-bupnftqbynphepejtxbugmlyzijp/Build/Intermediates.noindex/AulaCRM.build/Debug/AulaCRM.build/DerivedSources-normal/x86_64 -Xcc -I/Users/arturo/Library/Developer/Xcode/DerivedData/AulaCRM-bupnftqbynphepejtxbugmlyzijp/Build/Intermediates.noindex/AulaCRM.build/Debug/AulaCRM.build/DerivedSources/x86_64 -Xcc -I/Users/arturo/Library/Developer/Xcode/DerivedData/AulaCRM-bupnftqbynphepejtxbugmlyzijp/Build/Intermediates.noindex/AulaCRM.build/Debug/AulaCRM.build/DerivedSources -Xcc -DDEBUG\=1 -emit-objc-header -emit-objc-header-path /Users/arturo/Library/Developer/Xcode/DerivedData/AulaCRM-bupnftqbynphepejtxbugmlyzijp/Build/Intermediates.noindex/AulaCRM.build/Debug/AulaCRM.build/Objects-normal/x86_64/AulaCRM-Swift.h -working-directory /Users/arturo/Desktop/Aula_CRM/AulaCRM -experimental-emit-module-separately -disable-cmo

SwiftDriverJobDiscovery normal x86_64 Compiling Factura+CoreDataClass.swift, Factura+CoreDataProperties.swift, LineaFactura+CoreDataClass.swift (in target 'AulaCRM' from project 'AulaCRM')

SwiftCompile normal x86_64 Compiling\ MovimientoAlmacen+CoreDataClass.swift,\ MovimientoAlmacen+CoreDataProperties.swift,\ Tipo+CoreDataClass.swift,\ Tipo+CoreDataProperties.swift /Users/arturo/Library/Developer/Xcode/DerivedData/AulaCRM-bupnftqbynphepejtxbugmlyzijp/Build/Intermediates.noindex/AulaCRM.build/Debug/AulaCRM.build/DerivedSources/CoreDataGenerated/AulaCRM/MovimientoAlmacen+CoreDataClass.swift /Users/arturo/Library/Developer/Xcode/DerivedData/AulaCRM-bupnftqbynphepejtxbugmlyzijp/Build/Intermediates.noindex/AulaCRM.build/Debug/AulaCRM.build/DerivedSources/CoreDataGenerated/AulaCRM/MovimientoAlmacen+CoreDataProperties.swift /Users/arturo/Library/Developer/Xcode/DerivedData/AulaCRM-bupnftqbynphepejtxbugmlyzijp/Build/Intermediates.noindex/AulaCRM.build/Debug/AulaCRM.build/DerivedSources/CoreDataGenerated/AulaCRM/Tipo+CoreDataClass.swift /Users/arturo/Library/Developer/Xcode/DerivedData/AulaCRM-bupnftqbynphepejtxbugmlyzijp/Build/Intermediates.noindex/AulaCRM.build/Debug/AulaCRM.build/DerivedSources/CoreDataGenerated/AulaCRM/Tipo+CoreDataProperties.swift (in target 'AulaCRM' from project 'AulaCRM')

SwiftCompile normal x86_64 /Users/arturo/Library/Developer/Xcode/DerivedData/AulaCRM-bupnftqbynphepejtxbugmlyzijp/Build/Intermediates.noindex/AulaCRM.build/Debug/AulaCRM.build/DerivedSources/CoreDataGenerated/AulaCRM/MovimientoAlmacen+CoreDataClass.swift (in target 'AulaCRM' from project 'AulaCRM')
    cd /Users/arturo/Desktop/Aula_CRM/AulaCRM
    

SwiftCompile normal x86_64 /Users/arturo/Library/Developer/Xcode/DerivedData/AulaCRM-bupnftqbynphepejtxbugmlyzijp/Build/Intermediates.noindex/AulaCRM.build/Debug/AulaCRM.build/DerivedSources/CoreDataGenerated/AulaCRM/MovimientoAlmacen+CoreDataProperties.swift (in target 'AulaCRM' from project 'AulaCRM')
    cd /Users/arturo/Desktop/Aula_CRM/AulaCRM
    

SwiftCompile normal x86_64 /Users/arturo/Library/Developer/Xcode/DerivedData/AulaCRM-bupnftqbynphepejtxbugmlyzijp/Build/Intermediates.noindex/AulaCRM.build/Debug/AulaCRM.build/DerivedSources/CoreDataGenerated/AulaCRM/Tipo+CoreDataClass.swift (in target 'AulaCRM' from project 'AulaCRM')
    cd /Users/arturo/Desktop/Aula_CRM/AulaCRM
    

SwiftCompile normal x86_64 /Users/arturo/Library/Developer/Xcode/DerivedData/AulaCRM-bupnftqbynphepejtxbugmlyzijp/Build/Intermediates.noindex/AulaCRM.build/Debug/AulaCRM.build/DerivedSources/CoreDataGenerated/AulaCRM/Tipo+CoreDataProperties.swift (in target 'AulaCRM' from project 'AulaCRM')
    cd /Users/arturo/Desktop/Aula_CRM/AulaCRM
    

SwiftMergeGeneratedHeaders /Users/arturo/Library/Developer/Xcode/DerivedData/AulaCRM-bupnftqbynphepejtxbugmlyzijp/Build/Intermediates.noindex/AulaCRM.build/Debug/AulaCRM.build/DerivedSources/AulaCRM-Swift.h /Users/arturo/Library/Developer/Xcode/DerivedData/AulaCRM-bupnftqbynphepejtxbugmlyzijp/Build/Intermediates.noindex/AulaCRM.build/Debug/AulaCRM.build/Objects-normal/arm64/AulaCRM-Swift.h /Users/arturo/Library/Developer/Xcode/DerivedData/AulaCRM-bupnftqbynphepejtxbugmlyzijp/Build/Intermediates.noindex/AulaCRM.build/Debug/AulaCRM.build/Objects-normal/x86_64/AulaCRM-Swift.h (in target 'AulaCRM' from project 'AulaCRM')
    cd /Users/arturo/Desktop/Aula_CRM/AulaCRM
    builtin-swiftHeaderTool -arch arm64 /Users/arturo/Library/Developer/Xcode/DerivedData/AulaCRM-bupnftqbynphepejtxbugmlyzijp/Build/Intermediates.noindex/AulaCRM.build/Debug/AulaCRM.build/Objects-normal/arm64/AulaCRM-Swift.h -arch x86_64 /Users/arturo/Library/Developer/Xcode/DerivedData/AulaCRM-bupnftqbynphepejtxbugmlyzijp/Build/Intermediates.noindex/AulaCRM.build/Debug/AulaCRM.build/Objects-normal/x86_64/AulaCRM-Swift.h -o /Users/arturo/Library/Developer/Xcode/DerivedData/AulaCRM-bupnftqbynphepejtxbugmlyzijp/Build/Intermediates.noindex/AulaCRM.build/Debug/AulaCRM.build/DerivedSources/AulaCRM-Swift.h

SwiftDriverJobDiscovery normal x86_64 Compiling Persona+CoreDataClass.swift, Persona+CoreDataProperties.swift, Producto+CoreDataClass.swift, Producto+CoreDataProperties.swift (in target 'AulaCRM' from project 'AulaCRM')

Copy /Users/arturo/Library/Developer/Xcode/DerivedData/AulaCRM-bupnftqbynphepejtxbugmlyzijp/Build/Products/Debug/AulaCRM.swiftmodule/x86_64-apple-macos.swiftmodule /Users/arturo/Library/Developer/Xcode/DerivedData/AulaCRM-bupnftqbynphepejtxbugmlyzijp/Build/Intermediates.noindex/AulaCRM.build/Debug/AulaCRM.build/Objects-normal/x86_64/AulaCRM.swiftmodule (in target 'AulaCRM' from project 'AulaCRM')
    cd /Users/arturo/Desktop/Aula_CRM/AulaCRM
    builtin-copy -exclude .DS_Store -exclude CVS -exclude .svn -exclude .git -exclude .hg -resolve-src-symlinks -rename /Users/arturo/Library/Developer/Xcode/DerivedData/AulaCRM-bupnftqbynphepejtxbugmlyzijp/Build/Intermediates.noindex/AulaCRM.build/Debug/AulaCRM.build/Objects-normal/x86_64/AulaCRM.swiftmodule /Users/arturo/Library/Developer/Xcode/DerivedData/AulaCRM-bupnftqbynphepejtxbugmlyzijp/Build/Products/Debug/AulaCRM.swiftmodule/x86_64-apple-macos.swiftmodule

Copy /Users/arturo/Library/Developer/Xcode/DerivedData/AulaCRM-bupnftqbynphepejtxbugmlyzijp/Build/Products/Debug/AulaCRM.swiftmodule/x86_64-apple-macos.swiftdoc /Users/arturo/Library/Developer/Xcode/DerivedData/AulaCRM-bupnftqbynphepejtxbugmlyzijp/Build/Intermediates.noindex/AulaCRM.build/Debug/AulaCRM.build/Objects-normal/x86_64/AulaCRM.swiftdoc (in target 'AulaCRM' from project 'AulaCRM')
    cd /Users/arturo/Desktop/Aula_CRM/AulaCRM
    builtin-copy -exclude .DS_Store -exclude CVS -exclude .svn -exclude .git -exclude .hg -resolve-src-symlinks -rename /Users/arturo/Library/Developer/Xcode/DerivedData/AulaCRM-bupnftqbynphepejtxbugmlyzijp/Build/Intermediates.noindex/AulaCRM.build/Debug/AulaCRM.build/Objects-normal/x86_64/AulaCRM.swiftdoc /Users/arturo/Library/Developer/Xcode/DerivedData/AulaCRM-bupnftqbynphepejtxbugmlyzijp/Build/Products/Debug/AulaCRM.swiftmodule/x86_64-apple-macos.swiftdoc

Copy /Users/arturo/Library/Developer/Xcode/DerivedData/AulaCRM-bupnftqbynphepejtxbugmlyzijp/Build/Products/Debug/AulaCRM.swiftmodule/x86_64-apple-macos.abi.json /Users/arturo/Library/Developer/Xcode/DerivedData/AulaCRM-bupnftqbynphepejtxbugmlyzijp/Build/Intermediates.noindex/AulaCRM.build/Debug/AulaCRM.build/Objects-normal/x86_64/AulaCRM.abi.json (in target 'AulaCRM' from project 'AulaCRM')
    cd /Users/arturo/Desktop/Aula_CRM/AulaCRM
    builtin-copy -exclude .DS_Store -exclude CVS -exclude .svn -exclude .git -exclude .hg -resolve-src-symlinks -rename /Users/arturo/Library/Developer/Xcode/DerivedData/AulaCRM-bupnftqbynphepejtxbugmlyzijp/Build/Intermediates.noindex/AulaCRM.build/Debug/AulaCRM.build/Objects-normal/x86_64/AulaCRM.abi.json /Users/arturo/Library/Developer/Xcode/DerivedData/AulaCRM-bupnftqbynphepejtxbugmlyzijp/Build/Products/Debug/AulaCRM.swiftmodule/x86_64-apple-macos.abi.json

Copy /Users/arturo/Library/Developer/Xcode/DerivedData/AulaCRM-bupnftqbynphepejtxbugmlyzijp/Build/Products/Debug/AulaCRM.swiftmodule/Project/x86_64-apple-macos.swiftsourceinfo /Users/arturo/Library/Developer/Xcode/DerivedData/AulaCRM-bupnftqbynphepejtxbugmlyzijp/Build/Intermediates.noindex/AulaCRM.build/Debug/AulaCRM.build/Objects-normal/x86_64/AulaCRM.swiftsourceinfo (in target 'AulaCRM' from project 'AulaCRM')
    cd /Users/arturo/Desktop/Aula_CRM/AulaCRM
    builtin-copy -exclude .DS_Store -exclude CVS -exclude .svn -exclude .git -exclude .hg -resolve-src-symlinks -rename /Users/arturo/Library/Developer/Xcode/DerivedData/AulaCRM-bupnftqbynphepejtxbugmlyzijp/Build/Intermediates.noindex/AulaCRM.build/Debug/AulaCRM.build/Objects-normal/x86_64/AulaCRM.swiftsourceinfo /Users/arturo/Library/Developer/Xcode/DerivedData/AulaCRM-bupnftqbynphepejtxbugmlyzijp/Build/Products/Debug/AulaCRM.swiftmodule/Project/x86_64-apple-macos.swiftsourceinfo

SwiftDriverJobDiscovery normal x86_64 Compiling Contacto+CoreDataClass.swift, Contacto+CoreDataProperties.swift, Conversacion+CoreDataClass.swift, Conversacion+CoreDataProperties.swift (in target 'AulaCRM' from project 'AulaCRM')

SwiftDriverJobDiscovery normal x86_64 Compiling MovimientoAlmacen+CoreDataClass.swift, MovimientoAlmacen+CoreDataProperties.swift, Tipo+CoreDataClass.swift, Tipo+CoreDataProperties.swift (in target 'AulaCRM' from project 'AulaCRM')

SwiftDriverJobDiscovery normal x86_64 Compiling LineaFactura+CoreDataProperties.swift, AulaCRM+CoreDataModel.swift, GeneratedAssetSymbols.swift (in target 'AulaCRM' from project 'AulaCRM')

SwiftDriverJobDiscovery normal x86_64 Compiling SelectableText.swift, test_pdf.swift, Compra+CoreDataClass.swift, Compra+CoreDataProperties.swift (in target 'AulaCRM' from project 'AulaCRM')

SwiftDriverJobDiscovery normal x86_64 Compiling CSVImporter.swift, FacturaPDFGenerator.swift, Persistence.swift, Producto+Extensions.swift (in target 'AulaCRM' from project 'AulaCRM')

SwiftDriverJobDiscovery normal x86_64 Compiling AulaCRMApp.swift, BackupManager.swift, Contacto+Extensions.swift, ContentView.swift (in target 'AulaCRM' from project 'AulaCRM')

SwiftDriverJobDiscovery normal arm64 Compiling ContentView.swift (in target 'AulaCRM' from project 'AulaCRM')

SwiftDriver\ Compilation AulaCRM normal arm64 com.apple.xcode.tools.swift.compiler (in target 'AulaCRM' from project 'AulaCRM')
    cd /Users/arturo/Desktop/Aula_CRM/AulaCRM
    builtin-Swift-Compilation -- /Applications/Xcode.app/Contents/Developer/Toolchains/XcodeDefault.xctoolchain/usr/bin/swiftc -module-name AulaCRM -Onone -enforce-exclusivity\=checked @/Users/arturo/Library/Developer/Xcode/DerivedData/AulaCRM-bupnftqbynphepejtxbugmlyzijp/Build/Intermediates.noindex/AulaCRM.build/Debug/AulaCRM.build/Objects-normal/arm64/AulaCRM.SwiftFileList -DDEBUG -default-isolation\=MainActor -enable-bare-slash-regex -enable-upcoming-feature DisableOutwardActorInference -enable-upcoming-feature InferSendableFromCaptures -enable-upcoming-feature GlobalActorIsolatedTypesUsability -enable-upcoming-feature MemberImportVisibility -enable-upcoming-feature InferIsolatedConformances -enable-upcoming-feature NonisolatedNonsendingByDefault -enable-experimental-feature DebugDescriptionMacro -sdk /Applications/Xcode.app/Contents/Developer/Platforms/MacOSX.platform/Developer/SDKs/MacOSX26.1.sdk -target arm64-apple-macos26.0 -g -module-cache-path /Users/arturo/Library/Developer/Xcode/DerivedData/ModuleCache.noindex -Xfrontend -serialize-debugging-options -enable-testing -index-store-path /Users/arturo/Library/Developer/Xcode/DerivedData/AulaCRM-bupnftqbynphepejtxbugmlyzijp/Index.noindex/DataStore -Xcc -D_LIBCPP_HARDENING_MODE\=_LIBCPP_HARDENING_MODE_DEBUG -swift-version 5 -I /Users/arturo/Library/Developer/Xcode/DerivedData/AulaCRM-bupnftqbynphepejtxbugmlyzijp/Build/Products/Debug -F /Users/arturo/Library/Developer/Xcode/DerivedData/AulaCRM-bupnftqbynphepejtxbugmlyzijp/Build/Products/Debug -emit-localized-strings -emit-localized-strings-path /Users/arturo/Library/Developer/Xcode/DerivedData/AulaCRM-bupnftqbynphepejtxbugmlyzijp/Build/Intermediates.noindex/AulaCRM.build/Debug/AulaCRM.build/Objects-normal/arm64 -c -j10 -enable-batch-mode -incremental -Xcc -ivfsstatcache -Xcc /Users/arturo/Library/Developer/Xcode/DerivedData/SDKStatCaches.noindex/macosx26.1-25B74-3ae1261907bdadc328169391a47051a6.sdkstatcache -output-file-map /Users/arturo/Library/Developer/Xcode/DerivedData/AulaCRM-bupnftqbynphepejtxbugmlyzijp/Build/Intermediates.noindex/AulaCRM.build/Debug/AulaCRM.build/Objects-normal/arm64/AulaCRM-OutputFileMap.json -use-frontend-parseable-output -save-temps -no-color-diagnostics -explicit-module-build -module-cache-path /Users/arturo/Library/Developer/Xcode/DerivedData/AulaCRM-bupnftqbynphepejtxbugmlyzijp/Build/Intermediates.noindex/SwiftExplicitPrecompiledModules -clang-scanner-module-cache-path /Users/arturo/Library/Developer/Xcode/DerivedData/ModuleCache.noindex -sdk-module-cache-path /Users/arturo/Library/Developer/Xcode/DerivedData/ModuleCache.noindex -serialize-diagnostics -emit-dependencies -emit-module -emit-module-path /Users/arturo/Library/Developer/Xcode/DerivedData/AulaCRM-bupnftqbynphepejtxbugmlyzijp/Build/Intermediates.noindex/AulaCRM.build/Debug/AulaCRM.build/Objects-normal/arm64/AulaCRM.swiftmodule -validate-clang-modules-once -clang-build-session-file /Users/arturo/Library/Developer/Xcode/DerivedData/ModuleCache.noindex/Session.modulevalidation -Xcc -I/Users/arturo/Library/Developer/Xcode/DerivedData/AulaCRM-bupnftqbynphepejtxbugmlyzijp/Build/Intermediates.noindex/AulaCRM.build/Debug/AulaCRM.build/swift-overrides.hmap -emit-const-values -Xfrontend -const-gather-protocols-file -Xfrontend /Users/arturo/Library/Developer/Xcode/DerivedData/AulaCRM-bupnftqbynphepejtxbugmlyzijp/Build/Intermediates.noindex/AulaCRM.build/Debug/AulaCRM.build/Objects-normal/arm64/AulaCRM_const_extract_protocols.json -Xcc -iquote -Xcc /Users/arturo/Library/Developer/Xcode/DerivedData/AulaCRM-bupnftqbynphepejtxbugmlyzijp/Build/Intermediates.noindex/AulaCRM.build/Debug/AulaCRM.build/AulaCRM-generated-files.hmap -Xcc -I/Users/arturo/Library/Developer/Xcode/DerivedData/AulaCRM-bupnftqbynphepejtxbugmlyzijp/Build/Intermediates.noindex/AulaCRM.build/Debug/AulaCRM.build/AulaCRM-own-target-headers.hmap -Xcc -I/Users/arturo/Library/Developer/Xcode/DerivedData/AulaCRM-bupnftqbynphepejtxbugmlyzijp/Build/Intermediates.noindex/AulaCRM.build/Debug/AulaCRM.build/AulaCRM-all-target-headers.hmap -Xcc -iquote -Xcc /Users/arturo/Library/Developer/Xcode/DerivedData/AulaCRM-bupnftqbynphepejtxbugmlyzijp/Build/Intermediates.noindex/AulaCRM.build/Debug/AulaCRM.build/AulaCRM-project-headers.hmap -Xcc -I/Users/arturo/Library/Developer/Xcode/DerivedData/AulaCRM-bupnftqbynphepejtxbugmlyzijp/Build/Products/Debug/include -Xcc -I/Users/arturo/Library/Developer/Xcode/DerivedData/AulaCRM-bupnftqbynphepejtxbugmlyzijp/Build/Intermediates.noindex/AulaCRM.build/Debug/AulaCRM.build/DerivedSources-normal/arm64 -Xcc -I/Users/arturo/Library/Developer/Xcode/DerivedData/AulaCRM-bupnftqbynphepejtxbugmlyzijp/Build/Intermediates.noindex/AulaCRM.build/Debug/AulaCRM.build/DerivedSources/arm64 -Xcc -I/Users/arturo/Library/Developer/Xcode/DerivedData/AulaCRM-bupnftqbynphepejtxbugmlyzijp/Build/Intermediates.noindex/AulaCRM.build/Debug/AulaCRM.build/DerivedSources -Xcc -DDEBUG\=1 -emit-objc-header -emit-objc-header-path /Users/arturo/Library/Developer/Xcode/DerivedData/AulaCRM-bupnftqbynphepejtxbugmlyzijp/Build/Intermediates.noindex/AulaCRM.build/Debug/AulaCRM.build/Objects-normal/arm64/AulaCRM-Swift.h -working-directory /Users/arturo/Desktop/Aula_CRM/AulaCRM -experimental-emit-module-separately -disable-cmo

Ld /Users/arturo/Library/Developer/Xcode/DerivedData/AulaCRM-bupnftqbynphepejtxbugmlyzijp/Build/Intermediates.noindex/AulaCRM.build/Debug/AulaCRM.build/Objects-normal/arm64/Binary/AulaCRM.debug.dylib normal arm64 (in target 'AulaCRM' from project 'AulaCRM')
    cd /Users/arturo/Desktop/Aula_CRM/AulaCRM
    /Applications/Xcode.app/Contents/Developer/Toolchains/XcodeDefault.xctoolchain/usr/bin/clang -Xlinker -reproducible -target arm64-apple-macos26.0 -dynamiclib -isysroot /Applications/Xcode.app/Contents/Developer/Platforms/MacOSX.platform/Developer/SDKs/MacOSX26.1.sdk -O0 -L/Users/arturo/Library/Developer/Xcode/DerivedData/AulaCRM-bupnftqbynphepejtxbugmlyzijp/Build/Intermediates.noindex/EagerLinkingTBDs/Debug -L/Users/arturo/Library/Developer/Xcode/DerivedData/AulaCRM-bupnftqbynphepejtxbugmlyzijp/Build/Products/Debug -L/Users/arturo/Desktop/Aula_CRM/AulaCRM/AulaCRM/.venv/lib/python3.11/site-packages/google/_upb -L/Users/arturo/Desktop/Aula_CRM/AulaCRM/AulaCRM/.venv/lib/python3.11/site-packages/pydantic_core -L/Users/arturo/Desktop/Aula_CRM/AulaCRM/AulaCRM/.venv/lib/python3.11/site-packages/cryptography/hazmat/bindings -L/Users/arturo/Desktop/Aula_CRM/AulaCRM/AulaRAG/.venv/lib/python3.11/site-packages/cryptography/hazmat/bindings -L/Users/arturo/Desktop/Aula_CRM/AulaCRM/AulaRAG/.venv/lib/python3.11/site-packages/google/_upb -L/Users/arturo/Desktop/Aula_CRM/AulaCRM/AulaRAG/.venv/lib/python3.11/site-packages/pydantic_core -F/Users/arturo/Library/Developer/Xcode/DerivedData/AulaCRM-bupnftqbynphepejtxbugmlyzijp/Build/Intermediates.noindex/EagerLinkingTBDs/Debug -F/Users/arturo/Library/Developer/Xcode/DerivedData/AulaCRM-bupnftqbynphepejtxbugmlyzijp/Build/Products/Debug -filelist /Users/arturo/Library/Developer/Xcode/DerivedData/AulaCRM-bupnftqbynphepejtxbugmlyzijp/Build/Intermediates.noindex/AulaCRM.build/Debug/AulaCRM.build/Objects-normal/arm64/AulaCRM.LinkFileList -install_name @rpath/AulaCRM.debug.dylib -Xlinker -rpath -Xlinker @executable_path/../Frameworks -dead_strip -Xlinker -object_path_lto -Xlinker /Users/arturo/Library/Developer/Xcode/DerivedData/AulaCRM-bupnftqbynphepejtxbugmlyzijp/Build/Intermediates.noindex/AulaCRM.build/Debug/AulaCRM.build/Objects-normal/arm64/AulaCRM_lto.o -rdynamic -Xlinker -no_deduplicate -Xlinker -dependency_info -Xlinker /Users/arturo/Library/Developer/Xcode/DerivedData/AulaCRM-bupnftqbynphepejtxbugmlyzijp/Build/Intermediates.noindex/AulaCRM.build/Debug/AulaCRM.build/Objects-normal/arm64/AulaCRM_dependency_info.dat -fobjc-link-runtime -L/Applications/Xcode.app/Contents/Developer/Toolchains/XcodeDefault.xctoolchain/usr/lib/swift/macosx -L/usr/lib/swift -Xlinker -add_ast_path -Xlinker /Users/arturo/Library/Developer/Xcode/DerivedData/AulaCRM-bupnftqbynphepejtxbugmlyzijp/Build/Intermediates.noindex/AulaCRM.build/Debug/AulaCRM.build/Objects-normal/arm64/AulaCRM.swiftmodule @/Users/arturo/Library/Developer/Xcode/DerivedData/AulaCRM-bupnftqbynphepejtxbugmlyzijp/Build/Intermediates.noindex/AulaCRM.build/Debug/AulaCRM.build/Objects-normal/arm64/AulaCRM-linker-args.resp -Xlinker -alias -Xlinker _main -Xlinker ___debug_main_executable_dylib_entry_point -Xlinker -no_adhoc_codesign -o /Users/arturo/Library/Developer/Xcode/DerivedData/AulaCRM-bupnftqbynphepejtxbugmlyzijp/Build/Intermediates.noindex/AulaCRM.build/Debug/AulaCRM.build/Objects-normal/arm64/Binary/AulaCRM.debug.dylib
ld: warning: search path '/Users/arturo/Desktop/Aula_CRM/AulaCRM/AulaCRM/.venv/lib/python3.11/site-packages/google/_upb' not found
ld: warning: search path '/Users/arturo/Desktop/Aula_CRM/AulaCRM/AulaCRM/.venv/lib/python3.11/site-packages/pydantic_core' not found
ld: warning: search path '/Users/arturo/Desktop/Aula_CRM/AulaCRM/AulaCRM/.venv/lib/python3.11/site-packages/cryptography/hazmat/bindings' not found
ld: warning: search path '/Users/arturo/Desktop/Aula_CRM/AulaCRM/AulaRAG/.venv/lib/python3.11/site-packages/cryptography/hazmat/bindings' not found
ld: warning: search path '/Users/arturo/Desktop/Aula_CRM/AulaCRM/AulaRAG/.venv/lib/python3.11/site-packages/google/_upb' not found
ld: warning: search path '/Users/arturo/Desktop/Aula_CRM/AulaCRM/AulaRAG/.venv/lib/python3.11/site-packages/pydantic_core' not found

ConstructStubExecutorLinkFileList /Users/arturo/Library/Developer/Xcode/DerivedData/AulaCRM-bupnftqbynphepejtxbugmlyzijp/Build/Intermediates.noindex/AulaCRM.build/Debug/AulaCRM.build/AulaCRM-ExecutorLinkFileList-normal-arm64.txt (in target 'AulaCRM' from project 'AulaCRM')
    cd /Users/arturo/Desktop/Aula_CRM/AulaCRM
    construct-stub-executor-link-file-list /Users/arturo/Library/Developer/Xcode/DerivedData/AulaCRM-bupnftqbynphepejtxbugmlyzijp/Build/Intermediates.noindex/AulaCRM.build/Debug/AulaCRM.build/Objects-normal/arm64/Binary/AulaCRM.debug.dylib /Applications/Xcode.app/Contents/Developer/Platforms/MacOSX.platform/Developer/usr/lib/libPreviewsJITStubExecutor_no_swift_entry_point.a /Applications/Xcode.app/Contents/Developer/Platforms/MacOSX.platform/Developer/usr/lib/libPreviewsJITStubExecutor.a --output /Users/arturo/Library/Developer/Xcode/DerivedData/AulaCRM-bupnftqbynphepejtxbugmlyzijp/Build/Intermediates.noindex/AulaCRM.build/Debug/AulaCRM.build/AulaCRM-ExecutorLinkFileList-normal-arm64.txt
note: Using stub executor library with Swift entry point. (in target 'AulaCRM' from project 'AulaCRM')

Ld /Users/arturo/Library/Developer/Xcode/DerivedData/AulaCRM-bupnftqbynphepejtxbugmlyzijp/Build/Intermediates.noindex/AulaCRM.build/Debug/AulaCRM.build/Objects-normal/arm64/Binary/AulaCRM normal arm64 (in target 'AulaCRM' from project 'AulaCRM')
    cd /Users/arturo/Desktop/Aula_CRM/AulaCRM
    /Applications/Xcode.app/Contents/Developer/Toolchains/XcodeDefault.xctoolchain/usr/bin/clang -Xlinker -reproducible -target arm64-apple-macos26.0 -isysroot /Applications/Xcode.app/Contents/Developer/Platforms/MacOSX.platform/Developer/SDKs/MacOSX26.1.sdk -O0 -L/Users/arturo/Library/Developer/Xcode/DerivedData/AulaCRM-bupnftqbynphepejtxbugmlyzijp/Build/Products/Debug -L/Users/arturo/Desktop/Aula_CRM/AulaCRM/AulaCRM/.venv/lib/python3.11/site-packages/google/_upb -L/Users/arturo/Desktop/Aula_CRM/AulaCRM/AulaCRM/.venv/lib/python3.11/site-packages/pydantic_core -L/Users/arturo/Desktop/Aula_CRM/AulaCRM/AulaCRM/.venv/lib/python3.11/site-packages/cryptography/hazmat/bindings -L/Users/arturo/Desktop/Aula_CRM/AulaCRM/AulaRAG/.venv/lib/python3.11/site-packages/cryptography/hazmat/bindings -L/Users/arturo/Desktop/Aula_CRM/AulaCRM/AulaRAG/.venv/lib/python3.11/site-packages/google/_upb -L/Users/arturo/Desktop/Aula_CRM/AulaCRM/AulaRAG/.venv/lib/python3.11/site-packages/pydantic_core -F/Users/arturo/Library/Developer/Xcode/DerivedData/AulaCRM-bupnftqbynphepejtxbugmlyzijp/Build/Products/Debug -Xlinker -rpath -Xlinker @executable_path -Xlinker -rpath -Xlinker @executable_path/../Frameworks -rdynamic -Xlinker -no_deduplicate -e ___debug_blank_executor_main -Xlinker -sectcreate -Xlinker __TEXT -Xlinker __debug_dylib -Xlinker /Users/arturo/Library/Developer/Xcode/DerivedData/AulaCRM-bupnftqbynphepejtxbugmlyzijp/Build/Intermediates.noindex/AulaCRM.build/Debug/AulaCRM.build/AulaCRM-DebugDylibPath-normal-arm64.txt -Xlinker -sectcreate -Xlinker __TEXT -Xlinker __debug_instlnm -Xlinker /Users/arturo/Library/Developer/Xcode/DerivedData/AulaCRM-bupnftqbynphepejtxbugmlyzijp/Build/Intermediates.noindex/AulaCRM.build/Debug/AulaCRM.build/AulaCRM-DebugDylibInstallName-normal-arm64.txt -Xlinker -filelist -Xlinker /Users/arturo/Library/Developer/Xcode/DerivedData/AulaCRM-bupnftqbynphepejtxbugmlyzijp/Build/Intermediates.noindex/AulaCRM.build/Debug/AulaCRM.build/AulaCRM-ExecutorLinkFileList-normal-arm64.txt /Users/arturo/Library/Developer/Xcode/DerivedData/AulaCRM-bupnftqbynphepejtxbugmlyzijp/Build/Intermediates.noindex/AulaCRM.build/Debug/AulaCRM.build/Objects-normal/arm64/Binary/AulaCRM.debug.dylib -Xlinker -no_adhoc_codesign -o /Users/arturo/Library/Developer/Xcode/DerivedData/AulaCRM-bupnftqbynphepejtxbugmlyzijp/Build/Intermediates.noindex/AulaCRM.build/Debug/AulaCRM.build/Objects-normal/arm64/Binary/AulaCRM
ld: warning: search path '/Users/arturo/Desktop/Aula_CRM/AulaCRM/AulaCRM/.venv/lib/python3.11/site-packages/google/_upb' not found
ld: warning: search path '/Users/arturo/Desktop/Aula_CRM/AulaCRM/AulaCRM/.venv/lib/python3.11/site-packages/pydantic_core' not found
ld: warning: search path '/Users/arturo/Desktop/Aula_CRM/AulaCRM/AulaCRM/.venv/lib/python3.11/site-packages/cryptography/hazmat/bindings' not found
ld: warning: search path '/Users/arturo/Desktop/Aula_CRM/AulaCRM/AulaRAG/.venv/lib/python3.11/site-packages/cryptography/hazmat/bindings' not found
ld: warning: search path '/Users/arturo/Desktop/Aula_CRM/AulaCRM/AulaRAG/.venv/lib/python3.11/site-packages/google/_upb' not found
ld: warning: search path '/Users/arturo/Desktop/Aula_CRM/AulaCRM/AulaRAG/.venv/lib/python3.11/site-packages/pydantic_core' not found

SwiftDriverJobDiscovery normal x86_64 Compiling AlmacenView.swift, ContactDetailMiniView.swift, DetailTabView.swift, FacturasTabView.swift (in target 'AulaCRM' from project 'AulaCRM')

SwiftDriverJobDiscovery normal x86_64 Compiling FilterView.swift, MapTabView.swift, NuevaFacturaView.swift, ShareSheet.swift (in target 'AulaCRM' from project 'AulaCRM')

SwiftDriver\ Compilation AulaCRM normal x86_64 com.apple.xcode.tools.swift.compiler (in target 'AulaCRM' from project 'AulaCRM')
    cd /Users/arturo/Desktop/Aula_CRM/AulaCRM
    builtin-Swift-Compilation -- /Applications/Xcode.app/Contents/Developer/Toolchains/XcodeDefault.xctoolchain/usr/bin/swiftc -module-name AulaCRM -Onone -enforce-exclusivity\=checked @/Users/arturo/Library/Developer/Xcode/DerivedData/AulaCRM-bupnftqbynphepejtxbugmlyzijp/Build/Intermediates.noindex/AulaCRM.build/Debug/AulaCRM.build/Objects-normal/x86_64/AulaCRM.SwiftFileList -DDEBUG -default-isolation\=MainActor -enable-bare-slash-regex -enable-upcoming-feature DisableOutwardActorInference -enable-upcoming-feature InferSendableFromCaptures -enable-upcoming-feature GlobalActorIsolatedTypesUsability -enable-upcoming-feature MemberImportVisibility -enable-upcoming-feature InferIsolatedConformances -enable-upcoming-feature NonisolatedNonsendingByDefault -enable-experimental-feature DebugDescriptionMacro -sdk /Applications/Xcode.app/Contents/Developer/Platforms/MacOSX.platform/Developer/SDKs/MacOSX26.1.sdk -target x86_64-apple-macos26.0 -g -module-cache-path /Users/arturo/Library/Developer/Xcode/DerivedData/ModuleCache.noindex -Xfrontend -serialize-debugging-options -enable-testing -index-store-path /Users/arturo/Library/Developer/Xcode/DerivedData/AulaCRM-bupnftqbynphepejtxbugmlyzijp/Index.noindex/DataStore -Xcc -D_LIBCPP_HARDENING_MODE\=_LIBCPP_HARDENING_MODE_DEBUG -swift-version 5 -I /Users/arturo/Library/Developer/Xcode/DerivedData/AulaCRM-bupnftqbynphepejtxbugmlyzijp/Build/Products/Debug -F /Users/arturo/Library/Developer/Xcode/DerivedData/AulaCRM-bupnftqbynphepejtxbugmlyzijp/Build/Products/Debug -emit-localized-strings -emit-localized-strings-path /Users/arturo/Library/Developer/Xcode/DerivedData/AulaCRM-bupnftqbynphepejtxbugmlyzijp/Build/Intermediates.noindex/AulaCRM.build/Debug/AulaCRM.build/Objects-normal/x86_64 -c -j10 -enable-batch-mode -incremental -Xcc -ivfsstatcache -Xcc /Users/arturo/Library/Developer/Xcode/DerivedData/SDKStatCaches.noindex/macosx26.1-25B74-3ae1261907bdadc328169391a47051a6.sdkstatcache -output-file-map /Users/arturo/Library/Developer/Xcode/DerivedData/AulaCRM-bupnftqbynphepejtxbugmlyzijp/Build/Intermediates.noindex/AulaCRM.build/Debug/AulaCRM.build/Objects-normal/x86_64/AulaCRM-OutputFileMap.json -use-frontend-parseable-output -save-temps -no-color-diagnostics -explicit-module-build -module-cache-path /Users/arturo/Library/Developer/Xcode/DerivedData/AulaCRM-bupnftqbynphepejtxbugmlyzijp/Build/Intermediates.noindex/SwiftExplicitPrecompiledModules -clang-scanner-module-cache-path /Users/arturo/Library/Developer/Xcode/DerivedData/ModuleCache.noindex -sdk-module-cache-path /Users/arturo/Library/Developer/Xcode/DerivedData/ModuleCache.noindex -serialize-diagnostics -emit-dependencies -emit-module -emit-module-path /Users/arturo/Library/Developer/Xcode/DerivedData/AulaCRM-bupnftqbynphepejtxbugmlyzijp/Build/Intermediates.noindex/AulaCRM.build/Debug/AulaCRM.build/Objects-normal/x86_64/AulaCRM.swiftmodule -validate-clang-modules-once -clang-build-session-file /Users/arturo/Library/Developer/Xcode/DerivedData/ModuleCache.noindex/Session.modulevalidation -Xcc -I/Users/arturo/Library/Developer/Xcode/DerivedData/AulaCRM-bupnftqbynphepejtxbugmlyzijp/Build/Intermediates.noindex/AulaCRM.build/Debug/AulaCRM.build/swift-overrides.hmap -emit-const-values -Xfrontend -const-gather-protocols-file -Xfrontend /Users/arturo/Library/Developer/Xcode/DerivedData/AulaCRM-bupnftqbynphepejtxbugmlyzijp/Build/Intermediates.noindex/AulaCRM.build/Debug/AulaCRM.build/Objects-normal/x86_64/AulaCRM_const_extract_protocols.json -Xcc -iquote -Xcc /Users/arturo/Library/Developer/Xcode/DerivedData/AulaCRM-bupnftqbynphepejtxbugmlyzijp/Build/Intermediates.noindex/AulaCRM.build/Debug/AulaCRM.build/AulaCRM-generated-files.hmap -Xcc -I/Users/arturo/Library/Developer/Xcode/DerivedData/AulaCRM-bupnftqbynphepejtxbugmlyzijp/Build/Intermediates.noindex/AulaCRM.build/Debug/AulaCRM.build/AulaCRM-own-target-headers.hmap -Xcc -I/Users/arturo/Library/Developer/Xcode/DerivedData/AulaCRM-bupnftqbynphepejtxbugmlyzijp/Build/Intermediates.noindex/AulaCRM.build/Debug/AulaCRM.build/AulaCRM-all-target-headers.hmap -Xcc -iquote -Xcc /Users/arturo/Library/Developer/Xcode/DerivedData/AulaCRM-bupnftqbynphepejtxbugmlyzijp/Build/Intermediates.noindex/AulaCRM.build/Debug/AulaCRM.build/AulaCRM-project-headers.hmap -Xcc -I/Users/arturo/Library/Developer/Xcode/DerivedData/AulaCRM-bupnftqbynphepejtxbugmlyzijp/Build/Products/Debug/include -Xcc -I/Users/arturo/Library/Developer/Xcode/DerivedData/AulaCRM-bupnftqbynphepejtxbugmlyzijp/Build/Intermediates.noindex/AulaCRM.build/Debug/AulaCRM.build/DerivedSources-normal/x86_64 -Xcc -I/Users/arturo/Library/Developer/Xcode/DerivedData/AulaCRM-bupnftqbynphepejtxbugmlyzijp/Build/Intermediates.noindex/AulaCRM.build/Debug/AulaCRM.build/DerivedSources/x86_64 -Xcc -I/Users/arturo/Library/Developer/Xcode/DerivedData/AulaCRM-bupnftqbynphepejtxbugmlyzijp/Build/Intermediates.noindex/AulaCRM.build/Debug/AulaCRM.build/DerivedSources -Xcc -DDEBUG\=1 -emit-objc-header -emit-objc-header-path /Users/arturo/Library/Developer/Xcode/DerivedData/AulaCRM-bupnftqbynphepejtxbugmlyzijp/Build/Intermediates.noindex/AulaCRM.build/Debug/AulaCRM.build/Objects-normal/x86_64/AulaCRM-Swift.h -working-directory /Users/arturo/Desktop/Aula_CRM/AulaCRM -experimental-emit-module-separately -disable-cmo

Ld /Users/arturo/Library/Developer/Xcode/DerivedData/AulaCRM-bupnftqbynphepejtxbugmlyzijp/Build/Intermediates.noindex/AulaCRM.build/Debug/AulaCRM.build/Objects-normal/x86_64/Binary/AulaCRM.debug.dylib normal x86_64 (in target 'AulaCRM' from project 'AulaCRM')
    cd /Users/arturo/Desktop/Aula_CRM/AulaCRM
    /Applications/Xcode.app/Contents/Developer/Toolchains/XcodeDefault.xctoolchain/usr/bin/clang -Xlinker -reproducible -target x86_64-apple-macos26.0 -dynamiclib -isysroot /Applications/Xcode.app/Contents/Developer/Platforms/MacOSX.platform/Developer/SDKs/MacOSX26.1.sdk -O0 -L/Users/arturo/Library/Developer/Xcode/DerivedData/AulaCRM-bupnftqbynphepejtxbugmlyzijp/Build/Intermediates.noindex/EagerLinkingTBDs/Debug -L/Users/arturo/Library/Developer/Xcode/DerivedData/AulaCRM-bupnftqbynphepejtxbugmlyzijp/Build/Products/Debug -L/Users/arturo/Desktop/Aula_CRM/AulaCRM/AulaCRM/.venv/lib/python3.11/site-packages/google/_upb -L/Users/arturo/Desktop/Aula_CRM/AulaCRM/AulaCRM/.venv/lib/python3.11/site-packages/pydantic_core -L/Users/arturo/Desktop/Aula_CRM/AulaCRM/AulaCRM/.venv/lib/python3.11/site-packages/cryptography/hazmat/bindings -L/Users/arturo/Desktop/Aula_CRM/AulaCRM/AulaRAG/.venv/lib/python3.11/site-packages/cryptography/hazmat/bindings -L/Users/arturo/Desktop/Aula_CRM/AulaCRM/AulaRAG/.venv/lib/python3.11/site-packages/google/_upb -L/Users/arturo/Desktop/Aula_CRM/AulaCRM/AulaRAG/.venv/lib/python3.11/site-packages/pydantic_core -F/Users/arturo/Library/Developer/Xcode/DerivedData/AulaCRM-bupnftqbynphepejtxbugmlyzijp/Build/Intermediates.noindex/EagerLinkingTBDs/Debug -F/Users/arturo/Library/Developer/Xcode/DerivedData/AulaCRM-bupnftqbynphepejtxbugmlyzijp/Build/Products/Debug -filelist /Users/arturo/Library/Developer/Xcode/DerivedData/AulaCRM-bupnftqbynphepejtxbugmlyzijp/Build/Intermediates.noindex/AulaCRM.build/Debug/AulaCRM.build/Objects-normal/x86_64/AulaCRM.LinkFileList -install_name @rpath/AulaCRM.debug.dylib -Xlinker -rpath -Xlinker @executable_path/../Frameworks -dead_strip -Xlinker -object_path_lto -Xlinker /Users/arturo/Library/Developer/Xcode/DerivedData/AulaCRM-bupnftqbynphepejtxbugmlyzijp/Build/Intermediates.noindex/AulaCRM.build/Debug/AulaCRM.build/Objects-normal/x86_64/AulaCRM_lto.o -rdynamic -Xlinker -no_deduplicate -Xlinker -dependency_info -Xlinker /Users/arturo/Library/Developer/Xcode/DerivedData/AulaCRM-bupnftqbynphepejtxbugmlyzijp/Build/Intermediates.noindex/AulaCRM.build/Debug/AulaCRM.build/Objects-normal/x86_64/AulaCRM_dependency_info.dat -fobjc-link-runtime -L/Applications/Xcode.app/Contents/Developer/Toolchains/XcodeDefault.xctoolchain/usr/lib/swift/macosx -L/usr/lib/swift -Xlinker -add_ast_path -Xlinker /Users/arturo/Library/Developer/Xcode/DerivedData/AulaCRM-bupnftqbynphepejtxbugmlyzijp/Build/Intermediates.noindex/AulaCRM.build/Debug/AulaCRM.build/Objects-normal/x86_64/AulaCRM.swiftmodule @/Users/arturo/Library/Developer/Xcode/DerivedData/AulaCRM-bupnftqbynphepejtxbugmlyzijp/Build/Intermediates.noindex/AulaCRM.build/Debug/AulaCRM.build/Objects-normal/x86_64/AulaCRM-linker-args.resp -Xlinker -alias -Xlinker _main -Xlinker ___debug_main_executable_dylib_entry_point -Xlinker -no_adhoc_codesign -o /Users/arturo/Library/Developer/Xcode/DerivedData/AulaCRM-bupnftqbynphepejtxbugmlyzijp/Build/Intermediates.noindex/AulaCRM.build/Debug/AulaCRM.build/Objects-normal/x86_64/Binary/AulaCRM.debug.dylib
ld: warning: search path '/Users/arturo/Desktop/Aula_CRM/AulaCRM/AulaCRM/.venv/lib/python3.11/site-packages/google/_upb' not found
ld: warning: search path '/Users/arturo/Desktop/Aula_CRM/AulaCRM/AulaCRM/.venv/lib/python3.11/site-packages/pydantic_core' not found
ld: warning: search path '/Users/arturo/Desktop/Aula_CRM/AulaCRM/AulaCRM/.venv/lib/python3.11/site-packages/cryptography/hazmat/bindings' not found
ld: warning: search path '/Users/arturo/Desktop/Aula_CRM/AulaCRM/AulaRAG/.venv/lib/python3.11/site-packages/cryptography/hazmat/bindings' not found
ld: warning: search path '/Users/arturo/Desktop/Aula_CRM/AulaCRM/AulaRAG/.venv/lib/python3.11/site-packages/google/_upb' not found
ld: warning: search path '/Users/arturo/Desktop/Aula_CRM/AulaCRM/AulaRAG/.venv/lib/python3.11/site-packages/pydantic_core' not found

CreateUniversalBinary /Users/arturo/Library/Developer/Xcode/DerivedData/AulaCRM-bupnftqbynphepejtxbugmlyzijp/Build/Products/Debug/AulaCRM.app/Contents/MacOS/AulaCRM.debug.dylib normal arm64\ x86_64 (in target 'AulaCRM' from project 'AulaCRM')
    cd /Users/arturo/Desktop/Aula_CRM/AulaCRM
    /Applications/Xcode.app/Contents/Developer/Toolchains/XcodeDefault.xctoolchain/usr/bin/lipo -create /Users/arturo/Library/Developer/Xcode/DerivedData/AulaCRM-bupnftqbynphepejtxbugmlyzijp/Build/Intermediates.noindex/AulaCRM.build/Debug/AulaCRM.build/Objects-normal/arm64/Binary/AulaCRM.debug.dylib /Users/arturo/Library/Developer/Xcode/DerivedData/AulaCRM-bupnftqbynphepejtxbugmlyzijp/Build/Intermediates.noindex/AulaCRM.build/Debug/AulaCRM.build/Objects-normal/x86_64/Binary/AulaCRM.debug.dylib -output /Users/arturo/Library/Developer/Xcode/DerivedData/AulaCRM-bupnftqbynphepejtxbugmlyzijp/Build/Products/Debug/AulaCRM.app/Contents/MacOS/AulaCRM.debug.dylib

ConstructStubExecutorLinkFileList /Users/arturo/Library/Developer/Xcode/DerivedData/AulaCRM-bupnftqbynphepejtxbugmlyzijp/Build/Intermediates.noindex/AulaCRM.build/Debug/AulaCRM.build/AulaCRM-ExecutorLinkFileList-normal-x86_64.txt (in target 'AulaCRM' from project 'AulaCRM')
    cd /Users/arturo/Desktop/Aula_CRM/AulaCRM
    construct-stub-executor-link-file-list /Users/arturo/Library/Developer/Xcode/DerivedData/AulaCRM-bupnftqbynphepejtxbugmlyzijp/Build/Intermediates.noindex/AulaCRM.build/Debug/AulaCRM.build/Objects-normal/x86_64/Binary/AulaCRM.debug.dylib /Applications/Xcode.app/Contents/Developer/Platforms/MacOSX.platform/Developer/usr/lib/libPreviewsJITStubExecutor_no_swift_entry_point.a /Applications/Xcode.app/Contents/Developer/Platforms/MacOSX.platform/Developer/usr/lib/libPreviewsJITStubExecutor.a --output /Users/arturo/Library/Developer/Xcode/DerivedData/AulaCRM-bupnftqbynphepejtxbugmlyzijp/Build/Intermediates.noindex/AulaCRM.build/Debug/AulaCRM.build/AulaCRM-ExecutorLinkFileList-normal-x86_64.txt
note: Using stub executor library with Swift entry point. (in target 'AulaCRM' from project 'AulaCRM')

Ld /Users/arturo/Library/Developer/Xcode/DerivedData/AulaCRM-bupnftqbynphepejtxbugmlyzijp/Build/Intermediates.noindex/AulaCRM.build/Debug/AulaCRM.build/Objects-normal/x86_64/Binary/AulaCRM normal x86_64 (in target 'AulaCRM' from project 'AulaCRM')
    cd /Users/arturo/Desktop/Aula_CRM/AulaCRM
    /Applications/Xcode.app/Contents/Developer/Toolchains/XcodeDefault.xctoolchain/usr/bin/clang -Xlinker -reproducible -target x86_64-apple-macos26.0 -isysroot /Applications/Xcode.app/Contents/Developer/Platforms/MacOSX.platform/Developer/SDKs/MacOSX26.1.sdk -O0 -L/Users/arturo/Library/Developer/Xcode/DerivedData/AulaCRM-bupnftqbynphepejtxbugmlyzijp/Build/Products/Debug -L/Users/arturo/Desktop/Aula_CRM/AulaCRM/AulaCRM/.venv/lib/python3.11/site-packages/google/_upb -L/Users/arturo/Desktop/Aula_CRM/AulaCRM/AulaCRM/.venv/lib/python3.11/site-packages/pydantic_core -L/Users/arturo/Desktop/Aula_CRM/AulaCRM/AulaCRM/.venv/lib/python3.11/site-packages/cryptography/hazmat/bindings -L/Users/arturo/Desktop/Aula_CRM/AulaCRM/AulaRAG/.venv/lib/python3.11/site-packages/cryptography/hazmat/bindings -L/Users/arturo/Desktop/Aula_CRM/AulaCRM/AulaRAG/.venv/lib/python3.11/site-packages/google/_upb -L/Users/arturo/Desktop/Aula_CRM/AulaCRM/AulaRAG/.venv/lib/python3.11/site-packages/pydantic_core -F/Users/arturo/Library/Developer/Xcode/DerivedData/AulaCRM-bupnftqbynphepejtxbugmlyzijp/Build/Products/Debug -Xlinker -rpath -Xlinker @executable_path -Xlinker -rpath -Xlinker @executable_path/../Frameworks -rdynamic -Xlinker -no_deduplicate -e ___debug_blank_executor_main -Xlinker -sectcreate -Xlinker __TEXT -Xlinker __debug_dylib -Xlinker /Users/arturo/Library/Developer/Xcode/DerivedData/AulaCRM-bupnftqbynphepejtxbugmlyzijp/Build/Intermediates.noindex/AulaCRM.build/Debug/AulaCRM.build/AulaCRM-DebugDylibPath-normal-x86_64.txt -Xlinker -sectcreate -Xlinker __TEXT -Xlinker __debug_instlnm -Xlinker /Users/arturo/Library/Developer/Xcode/DerivedData/AulaCRM-bupnftqbynphepejtxbugmlyzijp/Build/Intermediates.noindex/AulaCRM.build/Debug/AulaCRM.build/AulaCRM-DebugDylibInstallName-normal-x86_64.txt -Xlinker -filelist -Xlinker /Users/arturo/Library/Developer/Xcode/DerivedData/AulaCRM-bupnftqbynphepejtxbugmlyzijp/Build/Intermediates.noindex/AulaCRM.build/Debug/AulaCRM.build/AulaCRM-ExecutorLinkFileList-normal-x86_64.txt /Users/arturo/Library/Developer/Xcode/DerivedData/AulaCRM-bupnftqbynphepejtxbugmlyzijp/Build/Intermediates.noindex/AulaCRM.build/Debug/AulaCRM.build/Objects-normal/x86_64/Binary/AulaCRM.debug.dylib -Xlinker -no_adhoc_codesign -o /Users/arturo/Library/Developer/Xcode/DerivedData/AulaCRM-bupnftqbynphepejtxbugmlyzijp/Build/Intermediates.noindex/AulaCRM.build/Debug/AulaCRM.build/Objects-normal/x86_64/Binary/AulaCRM
ld: warning: search path '/Users/arturo/Desktop/Aula_CRM/AulaCRM/AulaCRM/.venv/lib/python3.11/site-packages/google/_upb' not found
ld: warning: search path '/Users/arturo/Desktop/Aula_CRM/AulaCRM/AulaCRM/.venv/lib/python3.11/site-packages/pydantic_core' not found
ld: warning: search path '/Users/arturo/Desktop/Aula_CRM/AulaCRM/AulaCRM/.venv/lib/python3.11/site-packages/cryptography/hazmat/bindings' not found
ld: warning: search path '/Users/arturo/Desktop/Aula_CRM/AulaCRM/AulaRAG/.venv/lib/python3.11/site-packages/cryptography/hazmat/bindings' not found
ld: warning: search path '/Users/arturo/Desktop/Aula_CRM/AulaCRM/AulaRAG/.venv/lib/python3.11/site-packages/google/_upb' not found
ld: warning: search path '/Users/arturo/Desktop/Aula_CRM/AulaCRM/AulaRAG/.venv/lib/python3.11/site-packages/pydantic_core' not found

CreateUniversalBinary /Users/arturo/Library/Developer/Xcode/DerivedData/AulaCRM-bupnftqbynphepejtxbugmlyzijp/Build/Products/Debug/AulaCRM.app/Contents/MacOS/AulaCRM normal arm64\ x86_64 (in target 'AulaCRM' from project 'AulaCRM')
    cd /Users/arturo/Desktop/Aula_CRM/AulaCRM
    /Applications/Xcode.app/Contents/Developer/Toolchains/XcodeDefault.xctoolchain/usr/bin/lipo -create /Users/arturo/Library/Developer/Xcode/DerivedData/AulaCRM-bupnftqbynphepejtxbugmlyzijp/Build/Intermediates.noindex/AulaCRM.build/Debug/AulaCRM.build/Objects-normal/arm64/Binary/AulaCRM /Users/arturo/Library/Developer/Xcode/DerivedData/AulaCRM-bupnftqbynphepejtxbugmlyzijp/Build/Intermediates.noindex/AulaCRM.build/Debug/AulaCRM.build/Objects-normal/x86_64/Binary/AulaCRM -output /Users/arturo/Library/Developer/Xcode/DerivedData/AulaCRM-bupnftqbynphepejtxbugmlyzijp/Build/Products/Debug/AulaCRM.app/Contents/MacOS/AulaCRM

CopySwiftLibs /Users/arturo/Library/Developer/Xcode/DerivedData/AulaCRM-bupnftqbynphepejtxbugmlyzijp/Build/Products/Debug/AulaCRM.app (in target 'AulaCRM' from project 'AulaCRM')
    cd /Users/arturo/Desktop/Aula_CRM/AulaCRM
    builtin-swiftStdLibTool --copy --verbose --sign 1FE2F61B59AA99618621E1536C55C6B8B3961651 --scan-executable /Users/arturo/Library/Developer/Xcode/DerivedData/AulaCRM-bupnftqbynphepejtxbugmlyzijp/Build/Products/Debug/AulaCRM.app/Contents/MacOS/AulaCRM.debug.dylib --scan-folder /Users/arturo/Library/Developer/Xcode/DerivedData/AulaCRM-bupnftqbynphepejtxbugmlyzijp/Build/Products/Debug/AulaCRM.app/Contents/Frameworks --scan-folder /Users/arturo/Library/Developer/Xcode/DerivedData/AulaCRM-bupnftqbynphepejtxbugmlyzijp/Build/Products/Debug/AulaCRM.app/Contents/PlugIns --scan-folder /Users/arturo/Library/Developer/Xcode/DerivedData/AulaCRM-bupnftqbynphepejtxbugmlyzijp/Build/Products/Debug/AulaCRM.app/Contents/Library/SystemExtensions --scan-folder /Users/arturo/Library/Developer/Xcode/DerivedData/AulaCRM-bupnftqbynphepejtxbugmlyzijp/Build/Products/Debug/AulaCRM.app/Contents/Extensions --platform macosx --toolchain /Applications/Xcode.app/Contents/Developer/Toolchains/XcodeDefault.xctoolchain --destination /Users/arturo/Library/Developer/Xcode/DerivedData/AulaCRM-bupnftqbynphepejtxbugmlyzijp/Build/Products/Debug/AulaCRM.app/Contents/Frameworks --strip-bitcode --strip-bitcode-tool /Applications/Xcode.app/Contents/Developer/Toolchains/XcodeDefault.xctoolchain/usr/bin/bitcode_strip --emit-dependency-info /Users/arturo/Library/Developer/Xcode/DerivedData/AulaCRM-bupnftqbynphepejtxbugmlyzijp/Build/Intermediates.noindex/AulaCRM.build/Debug/AulaCRM.build/SwiftStdLibToolInputDependencies.dep --filter-for-swift-os

ExtractAppIntentsMetadata (in target 'AulaCRM' from project 'AulaCRM')
    cd /Users/arturo/Desktop/Aula_CRM/AulaCRM
    /Applications/Xcode.app/Contents/Developer/Toolchains/XcodeDefault.xctoolchain/usr/bin/appintentsmetadataprocessor --toolchain-dir /Applications/Xcode.app/Contents/Developer/Toolchains/XcodeDefault.xctoolchain --module-name AulaCRM --sdk-root /Applications/Xcode.app/Contents/Developer/Platforms/MacOSX.platform/Developer/SDKs/MacOSX26.1.sdk --xcode-version 17B100 --platform-family macOS --deployment-target 26.0 --bundle-identifier itbook.AulaCRM.pro --output /Users/arturo/Library/Developer/Xcode/DerivedData/AulaCRM-bupnftqbynphepejtxbugmlyzijp/Build/Products/Debug/AulaCRM.app/Contents/Resources --target-triple arm64-apple-macos26.0 --target-triple x86_64-apple-macos26.0 --binary-file /Users/arturo/Library/Developer/Xcode/DerivedData/AulaCRM-bupnftqbynphepejtxbugmlyzijp/Build/Products/Debug/AulaCRM.app/Contents/MacOS/AulaCRM --dependency-file /Users/arturo/Library/Developer/Xcode/DerivedData/AulaCRM-bupnftqbynphepejtxbugmlyzijp/Build/Intermediates.noindex/AulaCRM.build/Debug/AulaCRM.build/Objects-normal/arm64/AulaCRM_dependency_info.dat --dependency-file /Users/arturo/Library/Developer/Xcode/DerivedData/AulaCRM-bupnftqbynphepejtxbugmlyzijp/Build/Intermediates.noindex/AulaCRM.build/Debug/AulaCRM.build/Objects-normal/x86_64/AulaCRM_dependency_info.dat --stringsdata-file /Users/arturo/Library/Developer/Xcode/DerivedData/AulaCRM-bupnftqbynphepejtxbugmlyzijp/Build/Intermediates.noindex/AulaCRM.build/Debug/AulaCRM.build/Objects-normal/arm64/ExtractedAppShortcutsMetadata.stringsdata --stringsdata-file /Users/arturo/Library/Developer/Xcode/DerivedData/AulaCRM-bupnftqbynphepejtxbugmlyzijp/Build/Intermediates.noindex/AulaCRM.build/Debug/AulaCRM.build/Objects-normal/x86_64/ExtractedAppShortcutsMetadata.stringsdata --source-file-list /Users/arturo/Library/Developer/Xcode/DerivedData/AulaCRM-bupnftqbynphepejtxbugmlyzijp/Build/Intermediates.noindex/AulaCRM.build/Debug/AulaCRM.build/Objects-normal/arm64/AulaCRM.SwiftFileList --source-file-list /Users/arturo/Library/Developer/Xcode/DerivedData/AulaCRM-bupnftqbynphepejtxbugmlyzijp/Build/Intermediates.noindex/AulaCRM.build/Debug/AulaCRM.build/Objects-normal/x86_64/AulaCRM.SwiftFileList --metadata-file-list /Users/arturo/Library/Developer/Xcode/DerivedData/AulaCRM-bupnftqbynphepejtxbugmlyzijp/Build/Intermediates.noindex/AulaCRM.build/Debug/AulaCRM.build/AulaCRM.DependencyMetadataFileList --static-metadata-file-list /Users/arturo/Library/Developer/Xcode/DerivedData/AulaCRM-bupnftqbynphepejtxbugmlyzijp/Build/Intermediates.noindex/AulaCRM.build/Debug/AulaCRM.build/AulaCRM.DependencyStaticMetadataFileList --swift-const-vals-list /Users/arturo/Library/Developer/Xcode/DerivedData/AulaCRM-bupnftqbynphepejtxbugmlyzijp/Build/Intermediates.noindex/AulaCRM.build/Debug/AulaCRM.build/Objects-normal/arm64/AulaCRM.SwiftConstValuesFileList --swift-const-vals-list /Users/arturo/Library/Developer/Xcode/DerivedData/AulaCRM-bupnftqbynphepejtxbugmlyzijp/Build/Intermediates.noindex/AulaCRM.build/Debug/AulaCRM.build/Objects-normal/x86_64/AulaCRM.SwiftConstValuesFileList --compile-time-extraction --deployment-aware-processing --validate-assistant-intents --no-app-shortcuts-localization
2026-05-05 21:44:56.012 appintentsmetadataprocessor[51445:24187957] Starting appintentsmetadataprocessor export
2026-05-05 21:44:56.014 appintentsmetadataprocessor[51445:24187957] warning: Metadata extraction skipped. No AppIntents.framework dependency found.

CodeSign /Users/arturo/Library/Developer/Xcode/DerivedData/AulaCRM-bupnftqbynphepejtxbugmlyzijp/Build/Products/Debug/AulaCRM.app/Contents/MacOS/AulaCRM.debug.dylib (in target 'AulaCRM' from project 'AulaCRM')
    cd /Users/arturo/Desktop/Aula_CRM/AulaCRM
    
    Signing Identity:     "Apple Development: ARTURO PUIG (H9DW269PUF)"
    Provisioning Profile: "Mac Team Provisioning Profile: itbook.AulaCRM.pro"
                          (963f16b0-c94b-4908-b66a-d4ee74a66762)
    
    /usr/bin/codesign --force --sign 1FE2F61B59AA99618621E1536C55C6B8B3961651 --timestamp\=none --generate-entitlement-der /Users/arturo/Library/Developer/Xcode/DerivedData/AulaCRM-bupnftqbynphepejtxbugmlyzijp/Build/Products/Debug/AulaCRM.app/Contents/MacOS/AulaCRM.debug.dylib

CodeSign /Users/arturo/Library/Developer/Xcode/DerivedData/AulaCRM-bupnftqbynphepejtxbugmlyzijp/Build/Products/Debug/AulaCRM.app/Contents/MacOS/__preview.dylib (in target 'AulaCRM' from project 'AulaCRM')
    cd /Users/arturo/Desktop/Aula_CRM/AulaCRM
    
    Signing Identity:     "Apple Development: ARTURO PUIG (H9DW269PUF)"
    Provisioning Profile: "Mac Team Provisioning Profile: itbook.AulaCRM.pro"
                          (963f16b0-c94b-4908-b66a-d4ee74a66762)
    
    /usr/bin/codesign --force --sign 1FE2F61B59AA99618621E1536C55C6B8B3961651 --timestamp\=none --generate-entitlement-der /Users/arturo/Library/Developer/Xcode/DerivedData/AulaCRM-bupnftqbynphepejtxbugmlyzijp/Build/Products/Debug/AulaCRM.app/Contents/MacOS/__preview.dylib

CodeSign /Users/arturo/Library/Developer/Xcode/DerivedData/AulaCRM-bupnftqbynphepejtxbugmlyzijp/Build/Products/Debug/AulaCRM.app (in target 'AulaCRM' from project 'AulaCRM')
    cd /Users/arturo/Desktop/Aula_CRM/AulaCRM
    
    Signing Identity:     "Apple Development: ARTURO PUIG (H9DW269PUF)"
    Provisioning Profile: "Mac Team Provisioning Profile: itbook.AulaCRM.pro"
                          (963f16b0-c94b-4908-b66a-d4ee74a66762)
    
    /usr/bin/codesign --force --sign 1FE2F61B59AA99618621E1536C55C6B8B3961651 --entitlements /Users/arturo/Library/Developer/Xcode/DerivedData/AulaCRM-bupnftqbynphepejtxbugmlyzijp/Build/Intermediates.noindex/AulaCRM.build/Debug/AulaCRM.build/AulaCRM.app.xcent --timestamp\=none --generate-entitlement-der /Users/arturo/Library/Developer/Xcode/DerivedData/AulaCRM-bupnftqbynphepejtxbugmlyzijp/Build/Products/Debug/AulaCRM.app

Validate /Users/arturo/Library/Developer/Xcode/DerivedData/AulaCRM-bupnftqbynphepejtxbugmlyzijp/Build/Products/Debug/AulaCRM.app (in target 'AulaCRM' from project 'AulaCRM')
    cd /Users/arturo/Desktop/Aula_CRM/AulaCRM
    builtin-validationUtility /Users/arturo/Library/Developer/Xcode/DerivedData/AulaCRM-bupnftqbynphepejtxbugmlyzijp/Build/Products/Debug/AulaCRM.app -no-validate-extension -infoplist-subpath Contents/Info.plist

RegisterWithLaunchServices /Users/arturo/Library/Developer/Xcode/DerivedData/AulaCRM-bupnftqbynphepejtxbugmlyzijp/Build/Products/Debug/AulaCRM.app (in target 'AulaCRM' from project 'AulaCRM')
    cd /Users/arturo/Desktop/Aula_CRM/AulaCRM
    /System/Library/Frameworks/CoreServices.framework/Versions/Current/Frameworks/LaunchServices.framework/Versions/Current/Support/lsregister -f -R -trusted /Users/arturo/Library/Developer/Xcode/DerivedData/AulaCRM-bupnftqbynphepejtxbugmlyzijp/Build/Products/Debug/AulaCRM.app

** BUILD SUCCEEDED **

